,PRJ_ID,DATA_TYPE,PART,MONTH_NO,MONTH,YEAR,QTY,FEATURE_3,FEATURE_1_냉동,FEATURE_1_냉장,FEATURE_1_상온,FEATURE_1_전분당:포장,FEATURE_2_B2B,FEATURE_2_B2C,FEATURE_2_미지정,FEATURE_4_O,FEATURE_4_X,FEATURE_5_A,FEATURE_5_B,FEATURE_5_C,abs_sum
344,DAESANG,TD,1008082,15-Jan,Jan,15,4578,330130100,1,0,0,0,1,0,0,0,1,0,0,1,0.0
607,DAESANG,TD,1014561,15-Jan,Jan,15,93,330130100,1,0,0,0,1,0,0,0,1,0,0,1,0.0
608,DAESANG,TD,1013188,15-Jan,Jan,15,400,330130110,1,0,0,0,1,0,0,0,1,0,0,1,0.0
714,DAESANG,TD,1015046,17-Jun,Jun,17,222,222140120,1,0,0,0,1,0,0,0,1,0,0,1,0.0
877,DAESANG,TD,1016030,15-Jun,Jun,15,30,330110110,1,0,0,0,1,0,0,0,1,0,0,1,0.0
1060,DAESANG,TD,1018031,17-Jun,Jun,17,0,222140120,1,0,0,0,1,0,0,0,1,0,0,1,0.0
1080,DAESANG,TD,1017978,16-Nov,Nov,16,90,330120160,1,0,0,0,1,0,0,0,1,0,0,1,0.0
1081,DAESANG,TD,1018057,16-Dec,Dec,16,48,330120160,1,0,0,0,1,0,0,0,1,0,0,1,0.0
1082,DAESANG,TD,1018059,16-Dec,Dec,16,63,330120160,1,0,0,0,1,0,0,0,1,0,0,1,0.0
1083,DAESANG,TD,1018332,17-Mar,Mar,17,18,330120160,1,0,0,0,1,0,0,0,1,0,0,1,0.0
1302,DAESANG,TD,1019188,17-Oct,Oct,17,696,222140100,1,0,0,0,1,0,0,0,1,0,0,1,0.0
1303,DAESANG,TD,1019203,17-Oct,Oct,17,75,222140100,1,0,0,0,1,0,0,0,1,0,0,1,0.0
1304,DAESANG,TD,1019206,17-Nov,Nov,17,160,222140100,1,0,0,0,1,0,0,0,1,0,0,1,0.0
1305,DAESANG,TD,1019211,17-Oct,Oct,17,0,222140100,1,0,0,0,1,0,0,0,1,0,0,1,0.0
1306,DAESANG,TD,1019003,17-Jul,Jul,17,200,222140120,1,0,0,0,1,0,0,0,1,0,0,1,0.0
1310,DAESANG,TD,1019189,17-Sep,Sep,17,25,222140120,1,0,0,0,1,0,0,0,1,0,0,1,0.0
1311,DAESANG,TD,1019191,17-Sep,Sep,17,30,222140120,1,0,0,0,1,0,0,0,1,0,0,1,0.0
1312,DAESANG,TD,1019193,17-Oct,Oct,17,173,222140120,1,0,0,0,1,0,0,0,1,0,0,1,0.0
1315,DAESANG,TD,1019212,17-Nov,Nov,17,91,222140120,1,0,0,0,1,0,0,0,1,0,0,1,0.0
1316,DAESANG,TD,1019213,17-Oct,Oct,17,109,222140120,1,0,0,0,1,0,0,0,1,0,0,1,0.0
1318,DAESANG,TD,1019999,18-Aug,Aug,18,10,222140120,1,0,0,0,1,0,0,0,1,0,0,1,0.0
1321,DAESANG,TD,1019187,17-Sep,Sep,17,72,222140130,1,0,0,0,1,0,0,0,1,0,0,1,0.0
1322,DAESANG,TD,1019197,17-Oct,Oct,17,309,222140130,1,0,0,0,1,0,0,0,1,0,0,1,0.0
1323,DAESANG,TD,1019200,17-Oct,Oct,17,56,222140130,1,0,0,0,1,0,0,0,1,0,0,1,0.0
1324,DAESANG,TD,1019202,17-Oct,Oct,17,71,222140130,1,0,0,0,1,0,0,0,1,0,0,1,0.0
1325,DAESANG,TD,1019209,17-Oct,Oct,17,64,222140130,1,0,0,0,1,0,0,0,1,0,0,1,0.0
1326,DAESANG,TD,1019210,17-Oct,Oct,17,111,222140130,1,0,0,0,1,0,0,0,1,0,0,1,0.0
1333,DAESANG,TD,1020102,18-Jul,Jul,18,355.0,222140140,1,0,0,0,1,0,0,0,1,0,0,1,0.0
1334,DAESANG,TD,1020103,18-Aug,Aug,18,24.0,222140140,1,0,0,0,1,0,0,0,1,0,0,1,0.0
1335,DAESANG,TD,1020112,18-Nov,Nov,18,9.0,222140140,1,0,0,0,1,0,0,0,1,0,0,1,0.0
1395,DAESANG,TD,1019224,17-Oct,Oct,17,129.0,330120160,1,0,0,0,1,0,0,0,1,0,0,1,0.0
1400,DAESANG,TD,1019538,18-Mar,Mar,18,20.0,330130110,1,0,0,0,1,0,0,0,1,0,0,1,0.0
1638,DAESANG,RD,1021729,20-May,May,20,,121190130,1,0,0,0,1,0,0,0,1,0,0,1,0.0
1639,DAESANG,RD,1021730,20-May,May,20,,121190130,1,0,0,0,1,0,0,0,1,0,0,1,0.0
1683,DAESANG,RD,1021681,20-Feb,Feb,20,,222140100,1,0,0,0,1,0,0,0,1,0,0,1,0.0
1684,DAESANG,TD,1020511,19-Feb,Feb,19,42.0,222140120,1,0,0,0,1,0,0,0,1,0,0,1,0.0
1685,DAESANG,TD,1020512,19-Feb,Feb,19,25.0,222140120,1,0,0,0,1,0,0,0,1,0,0,1,0.0
1687,DAESANG,TD,1021349,19-Aug,Aug,19,8.0,222140120,1,0,0,0,1,0,0,0,1,0,0,1,0.0
1688,DAESANG,RD,1021680,20-Feb,Feb,20,,222140120,1,0,0,0,1,0,0,0,1,0,0,1,0.0
1689,DAESANG,TD,1021348,19-Aug,Aug,19,2.0,222140130,1,0,0,0,1,0,0,0,1,0,0,1,0.0
1690,DAESANG,TD,1021350,19-Aug,Aug,19,1.0,222140130,1,0,0,0,1,0,0,0,1,0,0,1,0.0
1691,DAESANG,RD,1021678,20-Feb,Feb,20,,222140130,1,0,0,0,1,0,0,0,1,0,0,1,0.0
1692,DAESANG,RD,1021679,20-Feb,Feb,20,,222140130,1,0,0,0,1,0,0,0,1,0,0,1,0.0
1697,DAESANG,TD,1020724,19-Mar,Mar,19,1.0,222140140,1,0,0,0,1,0,0,0,1,0,0,1,0.0
1703,DAESANG,RD,1021267,20-Apr,Apr,20,,222220100,1,0,0,0,1,0,0,0,1,0,0,1,0.0
1707,DAESANG,RD,1021606,20-Mar,Mar,20,,222240100,1,0,0,0,1,0,0,0,1,0,0,1,0.0
1708,DAESANG,RD,1021761,20-Feb,Feb,20,,222240100,1,0,0,0,1,0,0,0,1,0,0,1,0.0
1709,DAESANG,RD,1021875,20-Apr,Apr,20,,222240100,1,0,0,0,1,0,0,0,1,0,0,1,0.0
1710,DAESANG,TD,1020869,19-Apr,Apr,19,4.0,222240120,1,0,0,0,1,0,0,0,1,0,0,1,0.0
1712,DAESANG,TD,1020871,19-Apr,Apr,19,4.0,222240120,1,0,0,0,1,0,0,0,1,0,0,1,0.0
1713,DAESANG,TD,1020872,19-Apr,Apr,19,3.0,222240120,1,0,0,0,1,0,0,0,1,0,0,1,0.0
1715,DAESANG,TD,1021031,19-Jun,Jun,19,1.0,222240120,1,0,0,0,1,0,0,0,1,0,0,1,0.0
1716,DAESANG,TD,1021322,19-Jul,Jul,19,240.0,222240120,1,0,0,0,1,0,0,0,1,0,0,1,0.0
1734,DAESANG,TD,1020632,19-Jan,Jan,19,40.0,270120140,1,0,0,0,1,0,0,0,1,0,0,1,0.0
1739,DAESANG,TD,1020878,19-Apr,Apr,19,10.0,270120140,1,0,0,0,1,0,0,0,1,0,0,1,0.0
1740,DAESANG,TD,1020901,19-May,May,19,0.0,270120140,1,0,0,0,1,0,0,0,1,0,0,1,0.0
1742,DAESANG,TD,1020910,19-May,May,19,1.0,270120140,1,0,0,0,1,0,0,0,1,0,0,1,0.0
1746,DAESANG,TD,1021022,19-Jun,Jun,19,321.0,270120140,1,0,0,0,1,0,0,0,1,0,0,1,0.0
1751,DAESANG,RD,1021300,20-Feb,Feb,20,,270120140,1,0,0,0,1,0,0,0,1,0,0,1,0.0
1753,DAESANG,TD,1021347,19-Aug,Aug,19,0.0,270120140,1,0,0,0,1,0,0,0,1,0,0,1,0.0
1756,DAESANG,TD,1021451,19-Oct,Oct,19,800.0,270120140,1,0,0,0,1,0,0,0,1,0,0,1,0.0
1757,DAESANG,TD,1021518,19-Nov,Nov,19,86.0,270120140,1,0,0,0,1,0,0,0,1,0,0,1,0.0
1758,DAESANG,TD,1021560,19-Nov,Nov,19,426.0,270120140,1,0,0,0,1,0,0,0,1,0,0,1,0.0
1759,DAESANG,RD,1021610,20-Apr,Apr,20,,270120140,1,0,0,0,1,0,0,0,1,0,0,1,0.0
1767,DAESANG,RD,1021743,20-Feb,Feb,20,,270120140,1,0,0,0,1,0,0,0,1,0,0,1,0.0
1771,DAESANG,TD,1021112,19-Jul,Jul,19,2.0,270250100,1,0,0,0,1,0,0,0,1,0,0,1,0.0
1832,DAESANG,TD,1021536,19-Nov,Nov,19,30.0,330120160,1,0,0,0,1,0,0,0,1,0,0,1,0.0
1833,DAESANG,RD,1021909,20-Apr,Apr,20,,330120160,1,0,0,0,1,0,0,0,1,0,0,1,0.0
1834,DAESANG,RD,1021998,20-May,May,20,,330120160,1,0,0,0,1,0,0,0,1,0,0,1,0.0
1873,DAESANG,TD,1020730,19-Feb,Feb,19,18.0,370140100,1,0,0,0,1,0,0,0,1,0,0,1,0.0
1876,DAESANG,TD,1021319,19-Sep,Sep,19,60.0,370140100,1,0,0,0,1,0,0,0,1,0,0,1,0.0
2121,DAESANG,TD,2000854,15-Jan,Jan,15,735.0,222120100,1,0,0,0,1,0,0,0,1,0,0,1,0.0
2122,DAESANG,TD,2001849,15-Jan,Jan,15,4716.0,222120100,1,0,0,0,1,0,0,0,1,0,0,1,0.0
2123,DAESANG,TD,2002104,15-Jan,Jan,15,85.0,222120110,1,0,0,0,1,0,0,0,1,0,0,1,0.0
2126,DAESANG,TD,1103616,17-Jun,Jun,17,0.0,222140100,1,0,0,0,1,0,0,0,1,0,0,1,0.0
2128,DAESANG,TD,1103627,17-Jun,Jun,17,11.0,222140100,1,0,0,0,1,0,0,0,1,0,0,1,0.0
2131,DAESANG,TD,2005742,16-Jan,Jan,16,78.0,222140100,1,0,0,0,1,0,0,0,1,0,0,1,0.0
2133,DAESANG,TD,1103626,17-May,May,17,95.0,222140120,1,0,0,0,1,0,0,0,1,0,0,1,0.0
2134,DAESANG,TD,1103631,17-May,May,17,51.0,222140120,1,0,0,0,1,0,0,0,1,0,0,1,0.0
2136,DAESANG,TD,1103638,17-May,May,17,102.0,222140120,1,0,0,0,1,0,0,0,1,0,0,1,0.0
2140,DAESANG,TD,1103648,17-May,May,17,16.0,222140120,1,0,0,0,1,0,0,0,1,0,0,1,0.0
2147,DAESANG,TD,2002239,15-Jan,Jan,15,50.0,222150100,1,0,0,0,1,0,0,0,1,0,0,1,0.0
2148,DAESANG,TD,2001785,15-Jan,Jan,15,236.0,222150110,1,0,0,0,1,0,0,0,1,0,0,1,0.0
2150,DAESANG,TD,2002229,15-Jan,Jan,15,1180.0,222150110,1,0,0,0,1,0,0,0,1,0,0,1,0.0
2152,DAESANG,TD,2002287,15-Jan,Jan,15,112.0,222160130,1,0,0,0,1,0,0,0,1,0,0,1,0.0
2153,DAESANG,TD,2006368,15-Jan,Jan,15,326.0,222160130,1,0,0,0,1,0,0,0,1,0,0,1,0.0
2155,DAESANG,TD,2000615,15-Jan,Jan,15,113.0,222160140,1,0,0,0,1,0,0,0,1,0,0,1,0.0
2156,DAESANG,TD,2000987,15-Jan,Jan,15,261.0,222160140,1,0,0,0,1,0,0,0,1,0,0,1,0.0
2157,DAESANG,TD,2001600,15-Jan,Jan,15,340.0,222160140,1,0,0,0,1,0,0,0,1,0,0,1,0.0
2237,DAESANG,TD,2006374,15-Jan,Jan,15,284.0,420120140,1,0,0,0,1,0,0,0,1,0,0,1,0.0
2315,DAESANG,TD,2007376,15-Jan,Jan,15,332.0,222120110,1,0,0,0,1,0,0,0,1,0,0,1,0.0
2320,DAESANG,TD,2007284,15-Jan,Jan,15,42.0,222140100,1,0,0,0,1,0,0,0,1,0,0,1,0.0
2321,DAESANG,TD,2008998,15-Jan,Jan,15,142.0,222150110,1,0,0,0,1,0,0,0,1,0,0,1,0.0
2322,DAESANG,TD,2008999,15-Jan,Jan,15,98.0,222150110,1,0,0,0,1,0,0,0,1,0,0,1,0.0
2324,DAESANG,TD,2008206,15-Jan,Jan,15,95.0,222160130,1,0,0,0,1,0,0,0,1,0,0,1,0.0
2325,DAESANG,TD,2008634,15-Jan,Jan,15,33.0,222160150,1,0,0,0,1,0,0,0,1,0,0,1,0.0
2326,DAESANG,TD,2008903,15-Jan,Jan,15,1790.0,222200110,1,0,0,0,1,0,0,0,1,0,0,1,0.0
2327,DAESANG,TD,2008904,15-Jan,Jan,15,1174.0,222200110,1,0,0,0,1,0,0,0,1,0,0,1,0.0
2328,DAESANG,TD,2008906,15-Jan,Jan,15,85.0,222200110,1,0,0,0,1,0,0,0,1,0,0,1,0.0
2394,DAESANG,TD,2009001,15-Jan,Jan,15,403.0,420120140,1,0,0,0,1,0,0,0,1,0,0,1,0.0
2395,DAESANG,TD,2009002,15-Jan,Jan,15,201.0,420120140,1,0,0,0,1,0,0,0,1,0,0,1,0.0
2473,DAESANG,TD,2010770,15-Jan,Jan,15,176.0,222120110,1,0,0,0,1,0,0,0,1,0,0,1,0.0
2476,DAESANG,TD,2010766,15-Jan,Jan,15,50.0,222160140,1,0,0,0,1,0,0,0,1,0,0,1,0.0
2477,DAESANG,TD,2010054,15-Jan,Jan,15,5.0,222160150,1,0,0,0,1,0,0,0,1,0,0,1,0.0
2478,DAESANG,TD,2010991,15-Jan,Jan,15,25.0,222160170,1,0,0,0,1,0,0,0,1,0,0,1,0.0
2483,DAESANG,TD,2010572,15-Jan,Jan,15,25.0,250140100,1,0,0,0,1,0,0,0,1,0,0,1,0.0
2522,DAESANG,TD,2009897,15-Jan,Jan,15,96.0,420120100,1,0,0,0,1,0,0,0,1,0,0,1,0.0
2523,DAESANG,TD,2009898,15-Jan,Jan,15,523.0,420120100,1,0,0,0,1,0,0,0,1,0,0,1,0.0
2524,DAESANG,TD,2009843,15-Jan,Jan,15,434.0,420120130,1,0,0,0,1,0,0,0,1,0,0,1,0.0
2525,DAESANG,TD,2009844,15-Jan,Jan,15,144.0,420120130,1,0,0,0,1,0,0,0,1,0,0,1,0.0
2526,DAESANG,TD,2009845,15-Jan,Jan,15,80.0,420120130,1,0,0,0,1,0,0,0,1,0,0,1,0.0
2527,DAESANG,TD,2009846,15-Jan,Jan,15,25.0,420120130,1,0,0,0,1,0,0,0,1,0,0,1,0.0
2528,DAESANG,TD,2010576,15-Jan,Jan,15,639.0,420120140,1,0,0,0,1,0,0,0,1,0,0,1,0.0
2584,DAESANG,TD,2011746,15-Jan,Jan,15,54.0,222160130,1,0,0,0,1,0,0,0,1,0,0,1,0.0
2648,DAESANG,TD,2012157,15-Jan,Jan,15,213.0,420120140,1,0,0,0,1,0,0,0,1,0,0,1,0.0
2651,DAESANG,TD,2012267,15-Jan,Jan,15,11.0,420130100,1,0,0,0,1,0,0,0,1,0,0,1,0.0
2764,DAESANG,TD,2012695,15-Jan,Jan,15,0.0,330190110,1,0,0,0,1,0,0,0,1,0,0,1,0.0
2771,DAESANG,TD,2012609,15-Jan,Jan,15,115.0,420120100,1,0,0,0,1,0,0,0,1,0,0,1,0.0
2869,DAESANG,TD,2013875,15-Mar,Mar,15,520.0,222120110,1,0,0,0,1,0,0,0,1,0,0,1,0.0
2870,DAESANG,TD,2014091,15-Apr,Apr,15,264.0,222140120,1,0,0,0,1,0,0,0,1,0,0,1,0.0
2872,DAESANG,TD,2013774,15-Feb,Feb,15,0.0,222150100,1,0,0,0,1,0,0,0,1,0,0,1,0.0
2874,DAESANG,TD,2014108,15-Jun,Jun,15,193.0,222150100,1,0,0,0,1,0,0,0,1,0,0,1,0.0
2875,DAESANG,TD,2014113,15-Jun,Jun,15,140.0,222150100,1,0,0,0,1,0,0,0,1,0,0,1,0.0
2876,DAESANG,TD,2014125,15-May,May,15,35.0,222150100,1,0,0,0,1,0,0,0,1,0,0,1,0.0
2877,DAESANG,TD,2014128,15-Jun,Jun,15,178.0,222150100,1,0,0,0,1,0,0,0,1,0,0,1,0.0
2878,DAESANG,TD,2014129,15-Apr,Apr,15,323.0,222150100,1,0,0,0,1,0,0,0,1,0,0,1,0.0
2880,DAESANG,TD,2013833,15-Feb,Feb,15,4.0,222160120,1,0,0,0,1,0,0,0,1,0,0,1,0.0
2881,DAESANG,TD,2014075,15-Sep,Sep,15,14.0,222160130,1,0,0,0,1,0,0,0,1,0,0,1,0.0
2882,DAESANG,TD,2014076,15-Apr,Apr,15,0.0,222160130,1,0,0,0,1,0,0,0,1,0,0,1,0.0
2883,DAESANG,TD,2014109,15-Apr,Apr,15,0.0,222160130,1,0,0,0,1,0,0,0,1,0,0,1,0.0
2884,DAESANG,TD,2014110,15-Apr,Apr,15,25.0,222160130,1,0,0,0,1,0,0,0,1,0,0,1,0.0
2887,DAESANG,TD,2014134,15-Jul,Jul,15,99.0,222160130,1,0,0,0,1,0,0,0,1,0,0,1,0.0
2944,DAESANG,TD,2013597,15-Jan,Jan,15,2.0,330190100,1,0,0,0,1,0,0,0,1,0,0,1,0.0
2959,DAESANG,TD,2013856,15-Jan,Jan,15,0.0,420120100,1,0,0,0,1,0,0,0,1,0,0,1,0.0
2960,DAESANG,TD,2013744,15-Jan,Jan,15,0.0,420120140,1,0,0,0,1,0,0,0,1,0,0,1,0.0
2999,DAESANG,TD,2014936,16-Jan,Jan,16,1.0,222120120,1,0,0,0,1,0,0,0,1,0,0,1,0.0
3000,DAESANG,TD,2014520,15-Aug,Aug,15,80.0,222150100,1,0,0,0,1,0,0,0,1,0,0,1,0.0
3001,DAESANG,TD,2014521,15-Aug,Aug,15,94.0,222150100,1,0,0,0,1,0,0,0,1,0,0,1,0.0
3002,DAESANG,TD,2014545,15-Aug,Aug,15,0.0,222150100,1,0,0,0,1,0,0,0,1,0,0,1,0.0
3003,DAESANG,TD,2014522,15-Aug,Aug,15,50.0,222160120,1,0,0,0,1,0,0,0,1,0,0,1,0.0
3004,DAESANG,TD,2014589,16-Mar,Mar,16,34.0,222160190,1,0,0,0,1,0,0,0,1,0,0,1,0.0
3005,DAESANG,TD,2014590,16-Mar,Mar,16,11.0,222160190,1,0,0,0,1,0,0,0,1,0,0,1,0.0
3013,DAESANG,TD,2014988,16-Mar,Mar,16,186.0,230120110,1,0,0,0,1,0,0,0,1,0,0,1,0.0
3025,DAESANG,TD,2015053,16-Mar,Mar,16,18.0,270100120,1,0,0,0,1,0,0,0,1,0,0,1,0.0
3026,DAESANG,TD,2015055,16-Mar,Mar,16,23.0,270100120,1,0,0,0,1,0,0,0,1,0,0,1,0.0
3027,DAESANG,TD,2015058,16-Mar,Mar,16,6.0,270100120,1,0,0,0,1,0,0,0,1,0,0,1,0.0
3034,DAESANG,TD,2014440,15-Jun,Jun,15,116.0,270210120,1,0,0,0,1,0,0,0,1,0,0,1,0.0
3035,DAESANG,TD,2015026,16-Mar,Mar,16,55.0,270210120,1,0,0,0,1,0,0,0,1,0,0,1,0.0
3093,DAESANG,TD,2014466,15-Jun,Jun,15,9.0,420120100,1,0,0,0,1,0,0,0,1,0,0,1,0.0
3094,DAESANG,TD,2014468,15-Jun,Jun,15,0.0,420120100,1,0,0,0,1,0,0,0,1,0,0,1,0.0
3096,DAESANG,TD,2014875,16-Jan,Jan,16,0.0,420120100,1,0,0,0,1,0,0,0,1,0,0,1,0.0
3097,DAESANG,TD,2014876,16-Jan,Jan,16,0.0,420120100,1,0,0,0,1,0,0,0,1,0,0,1,0.0
3098,DAESANG,TD,2014882,16-Jan,Jan,16,0.0,420120100,1,0,0,0,1,0,0,0,1,0,0,1,0.0
3099,DAESANG,TD,2014883,16-Jan,Jan,16,0.0,420120100,1,0,0,0,1,0,0,0,1,0,0,1,0.0
3101,DAESANG,TD,2014892,16-Feb,Feb,16,4.0,420120100,1,0,0,0,1,0,0,0,1,0,0,1,0.0
3102,DAESANG,TD,2014986,16-Feb,Feb,16,24.0,420120100,1,0,0,0,1,0,0,0,1,0,0,1,0.0
3103,DAESANG,TD,2014491,15-Jul,Jul,15,0.0,420120140,1,0,0,0,1,0,0,0,1,0,0,1,0.0
3125,DAESANG,TD,2015025,16-Feb,Feb,16,32.0,997530100,1,0,0,0,1,0,0,0,1,0,0,1,0.0
3173,DAESANG,TD,2015235,16-May,May,16,39.0,222120120,1,0,0,0,1,0,0,0,1,0,0,1,0.0
3174,DAESANG,TD,2015237,16-May,May,16,13.0,222120120,1,0,0,0,1,0,0,0,1,0,0,1,0.0
3175,DAESANG,TD,2016035,17-Mar,Mar,17,12.0,222140140,1,0,0,0,1,0,0,0,1,0,0,1,0.0
3176,DAESANG,TD,2015182,16-Apr,Apr,16,0.0,222150100,1,0,0,0,1,0,0,0,1,0,0,1,0.0
3177,DAESANG,TD,2015183,16-Apr,Apr,16,0.0,222150100,1,0,0,0,1,0,0,0,1,0,0,1,0.0
3178,DAESANG,TD,2015682,16-Oct,Oct,16,8.0,222150100,1,0,0,0,1,0,0,0,1,0,0,1,0.0
3179,DAESANG,TD,2015683,16-Oct,Oct,16,63.0,222150100,1,0,0,0,1,0,0,0,1,0,0,1,0.0
3180,DAESANG,TD,2015734,16-Nov,Nov,16,8.0,222150100,1,0,0,0,1,0,0,0,1,0,0,1,0.0
3181,DAESANG,TD,2015900,17-Feb,Feb,17,0.0,222150100,1,0,0,0,1,0,0,0,1,0,0,1,0.0
3183,DAESANG,TD,2015478,16-Aug,Aug,16,0.0,222150120,1,0,0,0,1,0,0,0,1,0,0,1,0.0
3184,DAESANG,TD,2015955,17-Feb,Feb,17,0.0,222160120,1,0,0,0,1,0,0,0,1,0,0,1,0.0
3185,DAESANG,TD,2015177,16-Sep,Sep,16,116.0,222160130,1,0,0,0,1,0,0,0,1,0,0,1,0.0
3190,DAESANG,TD,2015941,17-Feb,Feb,17,0.0,222160130,1,0,0,0,1,0,0,0,1,0,0,1,0.0
3191,DAESANG,TD,2015954,17-Feb,Feb,17,0.0,222160130,1,0,0,0,1,0,0,0,1,0,0,1,0.0
3192,DAESANG,TD,2015739,16-Nov,Nov,16,19.0,222160150,1,0,0,0,1,0,0,0,1,0,0,1,0.0
3193,DAESANG,TD,2015405,16-Sep,Sep,16,55.0,222160170,1,0,0,0,1,0,0,0,1,0,0,1,0.0
3232,DAESANG,TD,2015558,16-Sep,Sep,16,0.0,270100120,1,0,0,0,1,0,0,0,1,0,0,1,0.0
3233,DAESANG,TD,2015697,16-Oct,Oct,16,60.0,270100120,1,0,0,0,1,0,0,0,1,0,0,1,0.0
3235,DAESANG,TD,2016407,17-May,May,17,11.0,270100120,1,0,0,0,1,0,0,0,1,0,0,1,0.0
3277,DAESANG,TD,2015323,16-Jun,Jun,16,9.0,420120100,1,0,0,0,1,0,0,0,1,0,0,1,0.0
3278,DAESANG,TD,2015324,16-Jun,Jun,16,0.0,420120100,1,0,0,0,1,0,0,0,1,0,0,1,0.0
3279,DAESANG,TD,2015473,16-Aug,Aug,16,9.0,420120100,1,0,0,0,1,0,0,0,1,0,0,1,0.0
3280,DAESANG,TD,2015474,16-Aug,Aug,16,2.0,420120100,1,0,0,0,1,0,0,0,1,0,0,1,0.0
3281,DAESANG,TD,2015610,16-Oct,Oct,16,12.0,420120100,1,0,0,0,1,0,0,0,1,0,0,1,0.0
3282,DAESANG,TD,2015950,17-Feb,Feb,17,0.0,420120100,1,0,0,0,1,0,0,0,1,0,0,1,0.0
3283,DAESANG,TD,2015756,17-Feb,Feb,17,6.0,420120130,1,0,0,0,1,0,0,0,1,0,0,1,0.0
3284,DAESANG,TD,2015468,16-Aug,Aug,16,9.0,420120140,1,0,0,0,1,0,0,0,1,0,0,1,0.0
3286,DAESANG,TD,2015822,17-Feb,Feb,17,90.0,420120140,1,0,0,0,1,0,0,0,1,0,0,1,0.0
3289,DAESANG,TD,2015647,16-Nov,Nov,16,242.0,420130100,1,0,0,0,1,0,0,0,1,0,0,1,0.0
3290,DAESANG,TD,2015926,17-Feb,Feb,17,0.0,420130100,1,0,0,0,1,0,0,0,1,0,0,1,0.0
3321,DAESANG,TD,2015401,16-Aug,Aug,16,65.0,997250100,1,0,0,0,1,0,0,0,1,0,0,1,0.0
3322,DAESANG,TD,2015402,16-Aug,Aug,16,125.0,997250100,1,0,0,0,1,0,0,0,1,0,0,1,0.0
3383,DAESANG,TD,2018548,17-Jul,Jul,17,0.0,222120100,1,0,0,0,1,0,0,0,1,0,0,1,0.0
3384,DAESANG,TD,2018551,17-Jul,Jul,17,0.0,222120100,1,0,0,0,1,0,0,0,1,0,0,1,0.0
3385,DAESANG,TD,2018552,17-Jul,Jul,17,0.0,222120100,1,0,0,0,1,0,0,0,1,0,0,1,0.0
3386,DAESANG,TD,2018553,17-Jul,Jul,17,0.0,222120100,1,0,0,0,1,0,0,0,1,0,0,1,0.0
3387,DAESANG,TD,2020813,18-Jan,Jan,18,61.0,222120100,1,0,0,0,1,0,0,0,1,0,0,1,0.0
3388,DAESANG,TD,2020814,18-Jan,Jan,18,49.0,222120100,1,0,0,0,1,0,0,0,1,0,0,1,0.0
3389,DAESANG,TD,2021240,18-Feb,Feb,18,296.0,222120100,1,0,0,0,1,0,0,0,1,0,0,1,0.0
3390,DAESANG,TD,2021241,18-Feb,Feb,18,234.0,222120100,1,0,0,0,1,0,0,0,1,0,0,1,0.0
3391,DAESANG,TD,2021242,18-Mar,Mar,18,318.0,222120110,1,0,0,0,1,0,0,0,1,0,0,1,0.0
3394,DAESANG,TD,2021243,18-Feb,Feb,18,98.0,222120130,1,0,0,0,1,0,0,0,1,0,0,1,0.0
3397,DAESANG,TD,2021145,18-Feb,Feb,18,21.0,222150100,1,0,0,0,1,0,0,0,1,0,0,1,0.0
3398,DAESANG,TD,2020051,18-Feb,Feb,18,1.0,222150120,1,0,0,0,1,0,0,0,1,0,0,1,0.0
3404,DAESANG,TD,2018556,17-Jul,Jul,17,0.0,222160150,1,0,0,0,1,0,0,0,1,0,0,1,0.0
3405,DAESANG,TD,2019771,18-Mar,Mar,18,80.0,222160190,1,0,0,0,1,0,0,0,1,0,0,1,0.0
3406,DAESANG,TD,2019772,17-Sep,Sep,17,0.0,222160190,1,0,0,0,1,0,0,0,1,0,0,1,0.0
3407,DAESANG,TD,2019775,18-Mar,Mar,18,120.0,222160190,1,0,0,0,1,0,0,0,1,0,0,1,0.0
3408,DAESANG,TD,2019776,18-Mar,Mar,18,58.0,222160190,1,0,0,0,1,0,0,0,1,0,0,1,0.0
3409,DAESANG,TD,2021149,18-Jun,Jun,18,88.0,222160190,1,0,0,0,1,0,0,0,1,0,0,1,0.0
3411,DAESANG,TD,2017534,17-Jun,Jun,17,0.0,222190100,1,0,0,0,1,0,0,0,1,0,0,1,0.0
3412,DAESANG,TD,2017535,17-Jun,Jun,17,0.0,222190100,1,0,0,0,1,0,0,0,1,0,0,1,0.0
3413,DAESANG,TD,2017536,17-Jun,Jun,17,0.0,222190100,1,0,0,0,1,0,0,0,1,0,0,1,0.0
3414,DAESANG,TD,2017538,17-Jun,Jun,17,0.0,222190100,1,0,0,0,1,0,0,0,1,0,0,1,0.0
3415,DAESANG,TD,2017539,17-Jun,Jun,17,0.0,222190100,1,0,0,0,1,0,0,0,1,0,0,1,0.0
3416,DAESANG,TD,2020393,17-Dec,Dec,17,4.0,222190100,1,0,0,0,1,0,0,0,1,0,0,1,0.0
3417,DAESANG,TD,2020394,17-Dec,Dec,17,5.0,222190100,1,0,0,0,1,0,0,0,1,0,0,1,0.0
3418,DAESANG,TD,2020395,17-Dec,Dec,17,5.0,222190100,1,0,0,0,1,0,0,0,1,0,0,1,0.0
3429,DAESANG,TD,2020821,19-Apr,Apr,19,40.0,222190110,1,0,0,0,1,0,0,0,1,0,0,1,0.0
3430,DAESANG,TD,2021721,18-Apr,Apr,18,637.0,222190110,1,0,0,0,1,0,0,0,1,0,0,1,0.0
3494,DAESANG,TD,2020913,18-Feb,Feb,18,2.0,330190110,1,0,0,0,1,0,0,0,1,0,0,1,0.0
3521,DAESANG,TD,2018472,17-Jul,Jul,17,0.0,420105100,1,0,0,0,1,0,0,0,1,0,0,1,0.0
3526,DAESANG,TD,2018563,17-Jul,Jul,17,0.0,420120100,1,0,0,0,1,0,0,0,1,0,0,1,0.0
3529,DAESANG,TD,2019766,17-Sep,Sep,17,242.0,420120100,1,0,0,0,1,0,0,0,1,0,0,1,0.0
3533,DAESANG,TD,2020909,18-Feb,Feb,18,8.0,420120100,1,0,0,0,1,0,0,0,1,0,0,1,0.0
3534,DAESANG,TD,2020911,18-Feb,Feb,18,0.0,420120100,1,0,0,0,1,0,0,0,1,0,0,1,0.0
3536,DAESANG,TD,2018887,17-Sep,Sep,17,333.0,420120140,1,0,0,0,1,0,0,0,1,0,0,1,0.0
3537,DAESANG,TD,2020013,17-Oct,Oct,17,0.0,420120140,1,0,0,0,1,0,0,0,1,0,0,1,0.0
3538,DAESANG,TD,2020818,18-Feb,Feb,18,132.0,420120140,1,0,0,0,1,0,0,0,1,0,0,1,0.0
3541,DAESANG,TD,2017467,17-Jun,Jun,17,80.0,420130100,1,0,0,0,1,0,0,0,1,0,0,1,0.0
3544,DAESANG,TD,2018481,17-Jul,Jul,17,1.0,420130100,1,0,0,0,1,0,0,0,1,0,0,1,0.0
3545,DAESANG,TD,2018482,17-Jul,Jul,17,3.0,420130100,1,0,0,0,1,0,0,0,1,0,0,1,0.0
3546,DAESANG,TD,2018483,17-Jul,Jul,17,110.0,420130100,1,0,0,0,1,0,0,0,1,0,0,1,0.0
3556,DAESANG,TD,2020837,18-Feb,Feb,18,37.0,420130100,1,0,0,0,1,0,0,0,1,0,0,1,0.0
3557,DAESANG,TD,2020841,18-Mar,Mar,18,123.0,420130100,1,0,0,0,1,0,0,0,1,0,0,1,0.0
3558,DAESANG,TD,2020842,18-Mar,Mar,18,4.0,420130100,1,0,0,0,1,0,0,0,1,0,0,1,0.0
3559,DAESANG,TD,2020843,18-Mar,Mar,18,16.0,420130100,1,0,0,0,1,0,0,0,1,0,0,1,0.0
3561,DAESANG,TD,2021291,18-Mar,Mar,18,44.0,420130100,1,0,0,0,1,0,0,0,1,0,0,1,0.0
3619,DAESANG,TD,2023478,18-Aug,Aug,18,1027.0,121190130,1,0,0,0,1,0,0,0,1,0,0,1,0.0
3675,DAESANG,TD,2022737,18-Aug,Aug,18,9.0,222120100,1,0,0,0,1,0,0,0,1,0,0,1,0.0
3676,DAESANG,TD,2022741,18-Aug,Aug,18,9.0,222120100,1,0,0,0,1,0,0,0,1,0,0,1,0.0
3687,DAESANG,TD,2022739,18-Sep,Sep,18,15.0,222120110,1,0,0,0,1,0,0,0,1,0,0,1,0.0
3688,DAESANG,TD,2022796,18-Sep,Sep,18,105.0,222140100,1,0,0,0,1,0,0,0,1,0,0,1,0.0
3689,DAESANG,TD,2023787,19-Feb,Feb,19,8.0,222140100,1,0,0,0,1,0,0,0,1,0,0,1,0.0
3690,DAESANG,TD,2022735,18-Aug,Aug,18,22.0,222140130,1,0,0,0,1,0,0,0,1,0,0,1,0.0
3691,DAESANG,TD,2022754,18-Aug,Aug,18,9.0,222140130,1,0,0,0,1,0,0,0,1,0,0,1,0.0
3692,DAESANG,TD,2022757,18-Aug,Aug,18,13.0,222140130,1,0,0,0,1,0,0,0,1,0,0,1,0.0
3693,DAESANG,TD,2022803,18-Aug,Aug,18,13.0,222140130,1,0,0,0,1,0,0,0,1,0,0,1,0.0
3694,DAESANG,TD,2022804,18-Aug,Aug,18,39.0,222140130,1,0,0,0,1,0,0,0,1,0,0,1,0.0
3695,DAESANG,TD,2025575,19-Aug,Aug,19,10.0,222140130,1,0,0,0,1,0,0,0,1,0,0,1,0.0
3696,DAESANG,TD,2022797,19-Feb,Feb,19,800.0,222140140,1,0,0,0,1,0,0,0,1,0,0,1,0.0
3700,DAESANG,TD,2025576,19-Aug,Aug,19,35.0,222150100,1,0,0,0,1,0,0,0,1,0,0,1,0.0
3701,DAESANG,TD,2025577,19-Aug,Aug,19,0.0,222150100,1,0,0,0,1,0,0,0,1,0,0,1,0.0
3702,DAESANG,TD,2025578,19-Aug,Aug,19,11.0,222150100,1,0,0,0,1,0,0,0,1,0,0,1,0.0
3703,DAESANG,TD,2025579,19-Aug,Aug,19,15.0,222150110,1,0,0,0,1,0,0,0,1,0,0,1,0.0
3704,DAESANG,TD,2023775,19-Feb,Feb,19,1.0,222150120,1,0,0,0,1,0,0,0,1,0,0,1,0.0
3705,DAESANG,TD,2023776,19-Feb,Feb,19,0.0,222150120,1,0,0,0,1,0,0,0,1,0,0,1,0.0
3706,DAESANG,TD,2023777,19-Feb,Feb,19,10.0,222150120,1,0,0,0,1,0,0,0,1,0,0,1,0.0
3708,DAESANG,TD,2022786,18-Aug,Aug,18,19.0,222160130,1,0,0,0,1,0,0,0,1,0,0,1,0.0
3711,DAESANG,TD,2023773,19-Feb,Feb,19,5.0,222160130,1,0,0,0,1,0,0,0,1,0,0,1,0.0
3712,DAESANG,TD,2023778,19-Feb,Feb,19,5.0,222160130,1,0,0,0,1,0,0,0,1,0,0,1,0.0
3717,DAESANG,TD,2025580,19-Aug,Aug,19,5.0,222160130,1,0,0,0,1,0,0,0,1,0,0,1,0.0
3718,DAESANG,TD,2025581,19-Aug,Aug,19,28.0,222160130,1,0,0,0,1,0,0,0,1,0,0,1,0.0
3719,DAESANG,TD,2025582,19-Aug,Aug,19,31.0,222160130,1,0,0,0,1,0,0,0,1,0,0,1,0.0
3720,DAESANG,TD,2022736,18-Aug,Aug,18,5.0,222160140,1,0,0,0,1,0,0,0,1,0,0,1,0.0
3739,DAESANG,TD,2023006,18-Jul,Jul,18,10.0,222190100,1,0,0,0,1,0,0,0,1,0,0,1,0.0
3778,DAESANG,TD,2022321,18-May,May,18,15.0,222240100,1,0,0,0,1,0,0,0,1,0,0,1,0.0
3865,DAESANG,TD,2024693,19-Apr,Apr,19,19.0,270100120,1,0,0,0,1,0,0,0,1,0,0,1,0.0
3866,DAESANG,TD,2024827,19-Apr,Apr,19,22.0,270100120,1,0,0,0,1,0,0,0,1,0,0,1,0.0
3867,DAESANG,TD,2024828,19-Jun,Jun,19,18.0,270100120,1,0,0,0,1,0,0,0,1,0,0,1,0.0
3877,DAESANG,TD,2024431,19-May,May,19,7.0,280160100,1,0,0,0,1,0,0,0,1,0,0,1,0.0
3878,DAESANG,TD,2024432,19-May,May,19,0.0,280160100,1,0,0,0,1,0,0,0,1,0,0,1,0.0
3977,DAESANG,TD,2022269,18-Apr,Apr,18,95.0,420105100,1,0,0,0,1,0,0,0,1,0,0,1,0.0
3978,DAESANG,TD,2022270,18-Jun,Jun,18,161.0,420105100,1,0,0,0,1,0,0,0,1,0,0,1,0.0
3979,DAESANG,TD,2023685,19-May,May,19,191.0,420105100,1,0,0,0,1,0,0,0,1,0,0,1,0.0
3980,DAESANG,TD,2022752,18-Aug,Aug,18,16.0,420120100,1,0,0,0,1,0,0,0,1,0,0,1,0.0
3982,DAESANG,TD,2023604,18-Nov,Nov,18,1.0,420120100,1,0,0,0,1,0,0,0,1,0,0,1,0.0
3983,DAESANG,TD,2023721,19-Feb,Feb,19,12.0,420120100,1,0,0,0,1,0,0,0,1,0,0,1,0.0
3984,DAESANG,TD,2025587,19-Aug,Aug,19,15.0,420120100,1,0,0,0,1,0,0,0,1,0,0,1,0.0
3985,DAESANG,TD,2025589,19-Aug,Aug,19,6.0,420120100,1,0,0,0,1,0,0,0,1,0,0,1,0.0
3986,DAESANG,TD,2025590,19-Aug,Aug,19,4.0,420120100,1,0,0,0,1,0,0,0,1,0,0,1,0.0
3987,DAESANG,TD,2025591,19-Aug,Aug,19,4.0,420120100,1,0,0,0,1,0,0,0,1,0,0,1,0.0
3988,DAESANG,TD,2025592,19-Aug,Aug,19,1.0,420120100,1,0,0,0,1,0,0,0,1,0,0,1,0.0
3989,DAESANG,TD,2025598,19-Sep,Sep,19,0.0,420120100,1,0,0,0,1,0,0,0,1,0,0,1,0.0
3993,DAESANG,TD,2022749,18-Aug,Aug,18,1.0,420120140,1,0,0,0,1,0,0,0,1,0,0,1,0.0
3994,DAESANG,TD,2022941,18-Sep,Sep,18,3.0,420120140,1,0,0,0,1,0,0,0,1,0,0,1,0.0
3996,DAESANG,TD,2023729,19-Feb,Feb,19,1.0,420120140,1,0,0,0,1,0,0,0,1,0,0,1,0.0
3997,DAESANG,TD,2023730,19-Feb,Feb,19,23.0,420120140,1,0,0,0,1,0,0,0,1,0,0,1,0.0
3998,DAESANG,TD,2023732,19-Feb,Feb,19,13.0,420120140,1,0,0,0,1,0,0,0,1,0,0,1,0.0
3999,DAESANG,TD,2023754,19-Mar,Mar,19,984.0,420120140,1,0,0,0,1,0,0,0,1,0,0,1,0.0
4000,DAESANG,TD,2025445,19-Aug,Aug,19,3.0,420120140,1,0,0,0,1,0,0,0,1,0,0,1,0.0
4003,DAESANG,TD,2025603,19-Aug,Aug,19,387.0,420120140,1,0,0,0,1,0,0,0,1,0,0,1,0.0
4005,DAESANG,TD,2025606,19-Aug,Aug,19,481.0,420120140,1,0,0,0,1,0,0,0,1,0,0,1,0.0
4006,DAESANG,TD,2025607,19-Aug,Aug,19,738.0,420120140,1,0,0,0,1,0,0,0,1,0,0,1,0.0
4007,DAESANG,TD,2025612,19-Aug,Aug,19,270.0,420120140,1,0,0,0,1,0,0,0,1,0,0,1,0.0
4010,DAESANG,TD,2022282,18-May,May,18,118.0,420130100,1,0,0,0,1,0,0,0,1,0,0,1,0.0
4020,DAESANG,TD,2025272,19-Jul,Jul,19,122.0,420130100,1,0,0,0,1,0,0,0,1,0,0,1,0.0
4116,DAESANG,TD,2025518,19-Jul,Jul,19,10.0,997370110,1,0,0,0,1,0,0,0,1,0,0,1,0.0
4198,DAESANG,RD,2026659,20-Mar,Mar,20,,222120100,1,0,0,0,1,0,0,0,1,0,0,1,0.0
4199,DAESANG,TD,2025716,19-Sep,Sep,19,0.0,222120120,1,0,0,0,1,0,0,0,1,0,0,1,0.0
4200,DAESANG,TD,2025717,19-Sep,Sep,19,0.0,222120120,1,0,0,0,1,0,0,0,1,0,0,1,0.0
4201,DAESANG,TD,2025718,19-Sep,Sep,19,0.0,222120120,1,0,0,0,1,0,0,0,1,0,0,1,0.0
4202,DAESANG,TD,2025719,19-Sep,Sep,19,0.0,222120120,1,0,0,0,1,0,0,0,1,0,0,1,0.0
4203,DAESANG,RD,2103205,20-Feb,Feb,20,,222120120,1,0,0,0,1,0,0,0,1,0,0,1,0.0
4206,DAESANG,RD,2026647,20-Feb,Feb,20,,222140120,1,0,0,0,1,0,0,0,1,0,0,1,0.0
4210,DAESANG,TD,2025736,19-Sep,Sep,19,0.0,222150100,1,0,0,0,1,0,0,0,1,0,0,1,0.0
4211,DAESANG,TD,2025757,19-Oct,Oct,19,197.0,222150100,1,0,0,0,1,0,0,0,1,0,0,1,0.0
4212,DAESANG,TD,2025758,19-Nov,Nov,19,231.0,222150100,1,0,0,0,1,0,0,0,1,0,0,1,0.0
4213,DAESANG,RD,2026650,20-Feb,Feb,20,,222150100,1,0,0,0,1,0,0,0,1,0,0,1,0.0
4214,DAESANG,RD,2026651,20-Feb,Feb,20,,222150100,1,0,0,0,1,0,0,0,1,0,0,1,0.0
4215,DAESANG,RD,2026652,20-Mar,Mar,20,,222150100,1,0,0,0,1,0,0,0,1,0,0,1,0.0
4216,DAESANG,RD,2027120,20-Mar,Mar,20,,222150100,1,0,0,0,1,0,0,0,1,0,0,1,0.0
4217,DAESANG,RD,2026648,20-Mar,Mar,20,,222150110,1,0,0,0,1,0,0,0,1,0,0,1,0.0
4218,DAESANG,RD,2026649,20-Mar,Mar,20,,222150110,1,0,0,0,1,0,0,0,1,0,0,1,0.0
4219,DAESANG,RD,2026833,20-Mar,Mar,20,,222150120,1,0,0,0,1,0,0,0,1,0,0,1,0.0
4220,DAESANG,RD,2026653,20-Feb,Feb,20,,222160120,1,0,0,0,1,0,0,0,1,0,0,1,0.0
4221,DAESANG,RD,2026657,20-Mar,Mar,20,,222160120,1,0,0,0,1,0,0,0,1,0,0,1,0.0
4225,DAESANG,RD,2026654,20-Feb,Feb,20,,222160130,1,0,0,0,1,0,0,0,1,0,0,1,0.0
4226,DAESANG,RD,2026656,20-Mar,Mar,20,,222160130,1,0,0,0,1,0,0,0,1,0,0,1,0.0
4228,DAESANG,TD,2026041,19-Dec,Dec,19,192.0,222160140,1,0,0,0,1,0,0,0,1,0,0,1,0.0
4229,DAESANG,RD,2026060,20-Mar,Mar,20,,222160140,1,0,0,0,1,0,0,0,1,0,0,1,0.0
4230,DAESANG,RD,2026655,20-Feb,Feb,20,,222160140,1,0,0,0,1,0,0,0,1,0,0,1,0.0
4231,DAESANG,RD,2026658,20-Mar,Mar,20,,222160140,1,0,0,0,1,0,0,0,1,0,0,1,0.0
4232,DAESANG,RD,2026692,20-Mar,Mar,20,,222160150,1,0,0,0,1,0,0,0,1,0,0,1,0.0
4233,DAESANG,RD,2026693,20-Mar,Mar,20,,222160150,1,0,0,0,1,0,0,0,1,0,0,1,0.0
4234,DAESANG,RD,2026694,20-Mar,Mar,20,,222160150,1,0,0,0,1,0,0,0,1,0,0,1,0.0
4235,DAESANG,RD,2026695,20-Mar,Mar,20,,222160150,1,0,0,0,1,0,0,0,1,0,0,1,0.0
4236,DAESANG,RD,2026696,20-Mar,Mar,20,,222160150,1,0,0,0,1,0,0,0,1,0,0,1,0.0
4237,DAESANG,RD,2026861,20-Mar,Mar,20,,222160150,1,0,0,0,1,0,0,0,1,0,0,1,0.0
4238,DAESANG,TD,2103246,19-Apr,Apr,19,5.0,222160150,1,0,0,0,1,0,0,0,1,0,0,1,0.0
4239,DAESANG,TD,2103310,19-May,May,19,23.0,222160150,1,0,0,0,1,0,0,0,1,0,0,1,0.0
4240,DAESANG,TD,2103342,19-Apr,Apr,19,5.0,222160150,1,0,0,0,1,0,0,0,1,0,0,1,0.0
4241,DAESANG,TD,2103103,19-Jul,Jul,19,8.0,222160170,1,0,0,0,1,0,0,0,1,0,0,1,0.0
4242,DAESANG,TD,2103106,19-May,May,19,12.0,222160170,1,0,0,0,1,0,0,0,1,0,0,1,0.0
4243,DAESANG,RD,2026832,20-Mar,Mar,20,,222160190,1,0,0,0,1,0,0,0,1,0,0,1,0.0
4252,DAESANG,TD,2025886,19-Nov,Nov,19,379.0,222190110,1,0,0,0,1,0,0,0,1,0,0,1,0.0
4255,DAESANG,RD,2026690,20-Mar,Mar,20,,222200120,1,0,0,0,1,0,0,0,1,0,0,1,0.0
4256,DAESANG,RD,2026691,20-Mar,Mar,20,,222200120,1,0,0,0,1,0,0,0,1,0,0,1,0.0
4262,DAESANG,TD,2025711,19-Aug,Aug,19,78.0,222240100,1,0,0,0,1,0,0,0,1,0,0,1,0.0
4264,DAESANG,RD,2027381,20-May,May,20,,222240100,1,0,0,0,1,0,0,0,1,0,0,1,0.0
4266,DAESANG,TD,2025696,19-Aug,Aug,19,233.0,222240110,1,0,0,0,1,0,0,0,1,0,0,1,0.0
4271,DAESANG,TD,2025951,19-Dec,Dec,19,0.0,222240110,1,0,0,0,1,0,0,0,1,0,0,1,0.0
4276,DAESANG,RD,2027315,20-Apr,Apr,20,,222240110,1,0,0,0,1,0,0,0,1,0,0,1,0.0
4278,DAESANG,RD,2027317,20-Apr,Apr,20,,222240110,1,0,0,0,1,0,0,0,1,0,0,1,0.0
4318,DAESANG,TD,2103146,19-May,May,19,15.0,230120110,1,0,0,0,1,0,0,0,1,0,0,1,0.0
4333,DAESANG,RD,2026699,20-Feb,Feb,20,,270120140,1,0,0,0,1,0,0,0,1,0,0,1,0.0
4334,DAESANG,TD,2103339,19-May,May,19,25.0,270210110,1,0,0,0,1,0,0,0,1,0,0,1,0.0
4335,DAESANG,TD,2103345,19-Jun,Jun,19,50.0,270210110,1,0,0,0,1,0,0,0,1,0,0,1,0.0
4336,DAESANG,RD,2103187,20-Jan,Jan,20,,270210120,1,0,0,0,1,0,0,0,1,0,0,1,0.0
4337,DAESANG,TD,2103284,19-Jul,Jul,19,2.0,270210120,1,0,0,0,1,0,0,0,1,0,0,1,0.0
4339,DAESANG,TD,2025721,19-Sep,Sep,19,16.0,280160100,1,0,0,0,1,0,0,0,1,0,0,1,0.0
4340,DAESANG,TD,2025722,19-Sep,Sep,19,23.0,280160100,1,0,0,0,1,0,0,0,1,0,0,1,0.0
4341,DAESANG,TD,2025723,19-Sep,Sep,19,29.0,280160100,1,0,0,0,1,0,0,0,1,0,0,1,0.0
4342,DAESANG,TD,2103207,19-Nov,Nov,19,30.0,280160100,1,0,0,0,1,0,0,0,1,0,0,1,0.0
4343,DAESANG,TD,2103208,19-Apr,Apr,19,1.0,280160100,1,0,0,0,1,0,0,0,1,0,0,1,0.0
4361,DAESANG,TD,2025748,19-Oct,Oct,19,7.0,330180100,1,0,0,0,1,0,0,0,1,0,0,1,0.0
4362,DAESANG,RD,2026703,20-Apr,Apr,20,,330190110,1,0,0,0,1,0,0,0,1,0,0,1,0.0
4363,DAESANG,RD,2027237,20-May,May,20,,330190110,1,0,0,0,1,0,0,0,1,0,0,1,0.0
4364,DAESANG,RD,2027238,20-May,May,20,,330190110,1,0,0,0,1,0,0,0,1,0,0,1,0.0
4390,DAESANG,TD,2025927,19-Nov,Nov,19,2.0,420120100,1,0,0,0,1,0,0,0,1,0,0,1,0.0
4391,DAESANG,TD,2025928,19-Nov,Nov,19,0.0,420120100,1,0,0,0,1,0,0,0,1,0,0,1,0.0
4392,DAESANG,TD,2025929,19-Nov,Nov,19,28.0,420120100,1,0,0,0,1,0,0,0,1,0,0,1,0.0
4399,DAESANG,RD,2026680,20-Feb,Feb,20,,420120100,1,0,0,0,1,0,0,0,1,0,0,1,0.0
4400,DAESANG,RD,2026681,20-Feb,Feb,20,,420120100,1,0,0,0,1,0,0,0,1,0,0,1,0.0
4401,DAESANG,RD,2027125,20-Apr,Apr,20,,420120100,1,0,0,0,1,0,0,0,1,0,0,1,0.0
4405,DAESANG,TD,2025613,19-Aug,Aug,19,350.0,420120140,1,0,0,0,1,0,0,0,1,0,0,1,0.0
4406,DAESANG,TD,2025614,19-Aug,Aug,19,907.0,420120140,1,0,0,0,1,0,0,0,1,0,0,1,0.0
4407,DAESANG,TD,2025615,19-Aug,Aug,19,267.0,420120140,1,0,0,0,1,0,0,0,1,0,0,1,0.0
4408,DAESANG,TD,2025616,19-Aug,Aug,19,289.0,420120140,1,0,0,0,1,0,0,0,1,0,0,1,0.0
4409,DAESANG,TD,2025617,19-Aug,Aug,19,163.0,420120140,1,0,0,0,1,0,0,0,1,0,0,1,0.0
4410,DAESANG,TD,2025618,19-Aug,Aug,19,145.0,420120140,1,0,0,0,1,0,0,0,1,0,0,1,0.0
4411,DAESANG,RD,2026064,20-Mar,Mar,20,,420120140,1,0,0,0,1,0,0,0,1,0,0,1,0.0
4412,DAESANG,RD,2026065,20-Mar,Mar,20,,420120140,1,0,0,0,1,0,0,0,1,0,0,1,0.0
4413,DAESANG,RD,2026066,20-Mar,Mar,20,,420120140,1,0,0,0,1,0,0,0,1,0,0,1,0.0
4414,DAESANG,RD,2026069,20-Mar,Mar,20,,420120140,1,0,0,0,1,0,0,0,1,0,0,1,0.0
4421,DAESANG,RD,2026637,20-Feb,Feb,20,,420130100,1,0,0,0,1,0,0,0,1,0,0,1,0.0
4424,DAESANG,RD,2026670,20-Feb,Feb,20,,420130100,1,0,0,0,1,0,0,0,1,0,0,1,0.0
4425,DAESANG,RD,2026862,20-Apr,Apr,20,,420130100,1,0,0,0,1,0,0,0,1,0,0,1,0.0
4426,DAESANG,RD,2026863,20-May,May,20,,420130100,1,0,0,0,1,0,0,0,1,0,0,1,0.0
4450,DAESANG,TD,2103233,19-May,May,19,4.0,490100110,1,0,0,0,1,0,0,0,1,0,0,1,0.0
4451,DAESANG,TD,2103262,19-Apr,Apr,19,4.0,490100110,1,0,0,0,1,0,0,0,1,0,0,1,0.0
4628,DAESANG,RD,2026216,20-Mar,Mar,20,,997230100,1,0,0,0,1,0,0,0,1,0,0,1,0.0
4629,DAESANG,RD,2026434,20-Mar,Mar,20,,997230100,1,0,0,0,1,0,0,0,1,0,0,1,0.0
4630,DAESANG,RD,2026217,20-Mar,Mar,20,,997230110,1,0,0,0,1,0,0,0,1,0,0,1,0.0
4631,DAESANG,RD,2026218,20-Mar,Mar,20,,997230110,1,0,0,0,1,0,0,0,1,0,0,1,0.0
4632,DAESANG,RD,2026219,20-Mar,Mar,20,,997230110,1,0,0,0,1,0,0,0,1,0,0,1,0.0
4633,DAESANG,RD,2026220,20-Mar,Mar,20,,997230110,1,0,0,0,1,0,0,0,1,0,0,1,0.0
4634,DAESANG,RD,2026221,20-Mar,Mar,20,,997230110,1,0,0,0,1,0,0,0,1,0,0,1,0.0
4635,DAESANG,RD,2103452,20-Mar,Mar,20,,997230110,1,0,0,0,1,0,0,0,1,0,0,1,0.0
4636,DAESANG,RD,2103464,20-Mar,Mar,20,,997230110,1,0,0,0,1,0,0,0,1,0,0,1,0.0
4637,DAESANG,RD,2103465,20-Mar,Mar,20,,997230110,1,0,0,0,1,0,0,0,1,0,0,1,0.0
4638,DAESANG,RD,2103466,20-Mar,Mar,20,,997230110,1,0,0,0,1,0,0,0,1,0,0,1,0.0
4639,DAESANG,RD,2103467,20-Mar,Mar,20,,997230110,1,0,0,0,1,0,0,0,1,0,0,1,0.0
4641,DAESANG,TD,2103300,19-Jul,Jul,19,0.0,997240100,1,0,0,0,1,0,0,0,1,0,0,1,0.0
4642,DAESANG,RD,2026222,20-Mar,Mar,20,,997250100,1,0,0,0,1,0,0,0,1,0,0,1,0.0
4643,DAESANG,TD,2103105,19-May,May,19,197.0,997250100,1,0,0,0,1,0,0,0,1,0,0,1,0.0
4644,DAESANG,RD,2027334,20-Apr,Apr,20,,997260100,1,0,0,0,1,0,0,0,1,0,0,1,0.0
4645,DAESANG,TD,2103360,19-Jun,Jun,19,80.0,997260100,1,0,0,0,1,0,0,0,1,0,0,1,0.0
4646,DAESANG,RD,2103381,20-Mar,Mar,20,,997260110,1,0,0,0,1,0,0,0,1,0,0,1,0.0
4647,DAESANG,RD,2026223,20-Mar,Mar,20,,997270100,1,0,0,0,1,0,0,0,1,0,0,1,0.0
4648,DAESANG,RD,2026224,20-Mar,Mar,20,,997270100,1,0,0,0,1,0,0,0,1,0,0,1,0.0
4649,DAESANG,RD,2026225,20-Feb,Feb,20,,997270100,1,0,0,0,1,0,0,0,1,0,0,1,0.0
4650,DAESANG,RD,2026226,20-Feb,Feb,20,,997270100,1,0,0,0,1,0,0,0,1,0,0,1,0.0
4651,DAESANG,RD,2026227,20-Mar,Mar,20,,997270100,1,0,0,0,1,0,0,0,1,0,0,1,0.0
4652,DAESANG,RD,2026454,20-Feb,Feb,20,,997270100,1,0,0,0,1,0,0,0,1,0,0,1,0.0
4653,DAESANG,RD,2026455,20-Feb,Feb,20,,997270100,1,0,0,0,1,0,0,0,1,0,0,1,0.0
4654,DAESANG,RD,2026456,20-Apr,Apr,20,,997270100,1,0,0,0,1,0,0,0,1,0,0,1,0.0
4655,DAESANG,RD,2026622,20-May,May,20,,997270100,1,0,0,0,1,0,0,0,1,0,0,1,0.0
4656,DAESANG,RD,2026624,20-Apr,Apr,20,,997270100,1,0,0,0,1,0,0,0,1,0,0,1,0.0
4657,DAESANG,RD,2026229,20-Apr,Apr,20,,997280100,1,0,0,0,1,0,0,0,1,0,0,1,0.0
4658,DAESANG,RD,2026230,20-Mar,Mar,20,,997360100,1,0,0,0,1,0,0,0,1,0,0,1,0.0
4659,DAESANG,RD,2026232,20-Apr,Apr,20,,997365130,1,0,0,0,1,0,0,0,1,0,0,1,0.0
4660,DAESANG,RD,2026233,20-Mar,Mar,20,,997365130,1,0,0,0,1,0,0,0,1,0,0,1,0.0
4661,DAESANG,RD,2026235,20-Mar,Mar,20,,997380100,1,0,0,0,1,0,0,0,1,0,0,1,0.0
4662,DAESANG,RD,2026236,20-Mar,Mar,20,,997380100,1,0,0,0,1,0,0,0,1,0,0,1,0.0
4663,DAESANG,RD,2026237,20-Feb,Feb,20,,997380110,1,0,0,0,1,0,0,0,1,0,0,1,0.0
4664,DAESANG,RD,2026238,20-Mar,Mar,20,,997380110,1,0,0,0,1,0,0,0,1,0,0,1,0.0
4665,DAESANG,RD,2026239,20-Mar,Mar,20,,997380110,1,0,0,0,1,0,0,0,1,0,0,1,0.0
4666,DAESANG,RD,2026240,20-Mar,Mar,20,,997380110,1,0,0,0,1,0,0,0,1,0,0,1,0.0
4667,DAESANG,RD,2026241,20-Mar,Mar,20,,997380140,1,0,0,0,1,0,0,0,1,0,0,1,0.0
4668,DAESANG,RD,2026242,20-Mar,Mar,20,,997380140,1,0,0,0,1,0,0,0,1,0,0,1,0.0
4669,DAESANG,RD,2026243,20-Mar,Mar,20,,997380150,1,0,0,0,1,0,0,0,1,0,0,1,0.0
4670,DAESANG,TD,2103276,19-May,May,19,24.0,997380150,1,0,0,0,1,0,0,0,1,0,0,1,0.0
4671,DAESANG,TD,2103307,19-Apr,Apr,19,10.0,997380150,1,0,0,0,1,0,0,0,1,0,0,1,0.0
4746,DAESANG,RD,2026631,20-Mar,Mar,20,,997530100,1,0,0,0,1,0,0,0,1,0,0,1,0.0
4747,DAESANG,RD,2027393,20-May,May,20,,997530100,1,0,0,0,1,0,0,0,1,0,0,1,0.0
4748,DAESANG,RD,2103459,20-Mar,Mar,20,,997530100,1,0,0,0,1,0,0,0,1,0,0,1,0.0
4749,DAESANG,RD,2026324,20-Mar,Mar,20,,997530110,1,0,0,0,1,0,0,0,1,0,0,1,0.0
4795,DAESANG,RD,2026347,20-Apr,Apr,20,,997680120,1,0,0,0,1,0,0,0,1,0,0,1,0.0
4796,DAESANG,RD,2026348,20-Apr,Apr,20,,997680120,1,0,0,0,1,0,0,0,1,0,0,1,0.0
4797,DAESANG,RD,2026351,20-Feb,Feb,20,,997680130,1,0,0,0,1,0,0,0,1,0,0,1,0.0
4798,DAESANG,RD,2026353,20-Apr,Apr,20,,997680130,1,0,0,0,1,0,0,0,1,0,0,1,0.0
4799,DAESANG,RD,2026356,20-Mar,Mar,20,,997680130,1,0,0,0,1,0,0,0,1,0,0,1,0.0
4800,DAESANG,RD,2026358,20-Apr,Apr,20,,997680130,1,0,0,0,1,0,0,0,1,0,0,1,0.0
4801,DAESANG,RD,2026362,20-Apr,Apr,20,,997680140,1,0,0,0,1,0,0,0,1,0,0,1,0.0
4802,DAESANG,RD,2026363,20-Mar,Mar,20,,997680140,1,0,0,0,1,0,0,0,1,0,0,1,0.0
4803,DAESANG,RD,2026365,20-Mar,Mar,20,,997680140,1,0,0,0,1,0,0,0,1,0,0,1,0.0
4804,DAESANG,RD,2026369,20-Mar,Mar,20,,997680140,1,0,0,0,1,0,0,0,1,0,0,1,0.0
4805,DAESANG,RD,2026374,20-Mar,Mar,20,,997680140,1,0,0,0,1,0,0,0,1,0,0,1,0.0
4806,DAESANG,RD,2026375,20-Feb,Feb,20,,997680140,1,0,0,0,1,0,0,0,1,0,0,1,0.0
4807,DAESANG,RD,2026376,20-Mar,Mar,20,,997680140,1,0,0,0,1,0,0,0,1,0,0,1,0.0
4808,DAESANG,RD,2026377,20-Mar,Mar,20,,997680140,1,0,0,0,1,0,0,0,1,0,0,1,0.0
