,A_B_Distance,A_PART,A_FEATURE_1,A_FEATURE_2,A_FEATURE_4,A_FEATURE_5,B_PART,B_FEATURE_1,B_FEATURE_2,B_FEATURE_4,B_FEATURE_5,B_MONTH_NO,B_QTY
20403,0.0,2026376,냉동,B2B,X,C,1008082,냉동,B2B,X,C,15-Jan,4578
35604,0.0,2026376,냉동,B2B,X,C,1014561,냉동,B2B,X,C,15-Jan,93
35669,0.0,2026376,냉동,B2B,X,C,1013188,냉동,B2B,X,C,15-Jan,400
41384,0.0,2026376,냉동,B2B,X,C,1015046,냉동,B2B,X,C,17-Jun,222
49401,0.0,2026376,냉동,B2B,X,C,1016030,냉동,B2B,X,C,15-Jun,30
57108,0.0,2026376,냉동,B2B,X,C,1018031,냉동,B2B,X,C,17-Jun,0
57865,0.0,2026376,냉동,B2B,X,C,1017978,냉동,B2B,X,C,16-Nov,90
57908,0.0,2026376,냉동,B2B,X,C,1018057,냉동,B2B,X,C,16-Dec,48
57948,0.0,2026376,냉동,B2B,X,C,1018059,냉동,B2B,X,C,16-Dec,63
57985,0.0,2026376,냉동,B2B,X,C,1018332,냉동,B2B,X,C,17-Mar,18
64659,0.0,2026376,냉동,B2B,X,C,1019188,냉동,B2B,X,C,17-Oct,696
64691,0.0,2026376,냉동,B2B,X,C,1019203,냉동,B2B,X,C,17-Oct,75
64723,0.0,2026376,냉동,B2B,X,C,1019206,냉동,B2B,X,C,17-Nov,160
64754,0.0,2026376,냉동,B2B,X,C,1019211,냉동,B2B,X,C,17-Oct,0
64786,0.0,2026376,냉동,B2B,X,C,1019003,냉동,B2B,X,C,17-Jul,200
64910,0.0,2026376,냉동,B2B,X,C,1019189,냉동,B2B,X,C,17-Sep,25
64943,0.0,2026376,냉동,B2B,X,C,1019191,냉동,B2B,X,C,17-Sep,30
64976,0.0,2026376,냉동,B2B,X,C,1019193,냉동,B2B,X,C,17-Oct,173
65072,0.0,2026376,냉동,B2B,X,C,1019212,냉동,B2B,X,C,17-Nov,91
65103,0.0,2026376,냉동,B2B,X,C,1019213,냉동,B2B,X,C,17-Oct,109
65159,0.0,2026376,냉동,B2B,X,C,1019999,냉동,B2B,X,C,18-Aug,10
65240,0.0,2026376,냉동,B2B,X,C,1019187,냉동,B2B,X,C,17-Sep,72
65273,0.0,2026376,냉동,B2B,X,C,1019197,냉동,B2B,X,C,17-Oct,309
65305,0.0,2026376,냉동,B2B,X,C,1019200,냉동,B2B,X,C,17-Oct,56
65337,0.0,2026376,냉동,B2B,X,C,1019202,냉동,B2B,X,C,17-Oct,71
65369,0.0,2026376,냉동,B2B,X,C,1019209,냉동,B2B,X,C,17-Oct,64
65401,0.0,2026376,냉동,B2B,X,C,1019210,냉동,B2B,X,C,17-Oct,111
65552,0.0,2026376,냉동,B2B,X,C,1020102,냉동,B2B,X,C,18-Jul,355.0
65574,0.0,2026376,냉동,B2B,X,C,1020103,냉동,B2B,X,C,18-Aug,24.0
65594,0.0,2026376,냉동,B2B,X,C,1020112,냉동,B2B,X,C,18-Nov,9.0
67047,0.0,2026376,냉동,B2B,X,C,1019224,냉동,B2B,X,C,17-Oct,129.0
67179,0.0,2026376,냉동,B2B,X,C,1019538,냉동,B2B,X,C,18-Mar,20.0
70692,0.0,2026376,냉동,B2B,X,C,1021729,냉동,B2B,X,C,20-May,
70693,0.0,2026376,냉동,B2B,X,C,1021730,냉동,B2B,X,C,20-May,
71264,0.0,2026376,냉동,B2B,X,C,1021681,냉동,B2B,X,C,20-Feb,
71268,0.0,2026376,냉동,B2B,X,C,1020511,냉동,B2B,X,C,19-Feb,42.0
71284,0.0,2026376,냉동,B2B,X,C,1020512,냉동,B2B,X,C,19-Feb,25.0
71310,0.0,2026376,냉동,B2B,X,C,1021349,냉동,B2B,X,C,19-Aug,8.0
71320,0.0,2026376,냉동,B2B,X,C,1021680,냉동,B2B,X,C,20-Feb,
71324,0.0,2026376,냉동,B2B,X,C,1021348,냉동,B2B,X,C,19-Aug,2.0
71334,0.0,2026376,냉동,B2B,X,C,1021350,냉동,B2B,X,C,19-Aug,1.0
71344,0.0,2026376,냉동,B2B,X,C,1021678,냉동,B2B,X,C,20-Feb,
71348,0.0,2026376,냉동,B2B,X,C,1021679,냉동,B2B,X,C,20-Feb,
71433,0.0,2026376,냉동,B2B,X,C,1020724,냉동,B2B,X,C,19-Mar,1.0
71534,0.0,2026376,냉동,B2B,X,C,1021267,냉동,B2B,X,C,20-Apr,
71554,0.0,2026376,냉동,B2B,X,C,1021606,냉동,B2B,X,C,20-Mar,
71557,0.0,2026376,냉동,B2B,X,C,1021761,냉동,B2B,X,C,20-Feb,
71560,0.0,2026376,냉동,B2B,X,C,1021875,냉동,B2B,X,C,20-Apr,
71562,0.0,2026376,냉동,B2B,X,C,1020869,냉동,B2B,X,C,19-Apr,4.0
71590,0.0,2026376,냉동,B2B,X,C,1020871,냉동,B2B,X,C,19-Apr,4.0
71604,0.0,2026376,냉동,B2B,X,C,1020872,냉동,B2B,X,C,19-Apr,3.0
71632,0.0,2026376,냉동,B2B,X,C,1021031,냉동,B2B,X,C,19-Jun,1.0
71644,0.0,2026376,냉동,B2B,X,C,1021322,냉동,B2B,X,C,19-Jul,240.0
71748,0.0,2026376,냉동,B2B,X,C,1020632,냉동,B2B,X,C,19-Jan,40.0
71813,0.0,2026376,냉동,B2B,X,C,1020878,냉동,B2B,X,C,19-Apr,10.0
71824,0.0,2026376,냉동,B2B,X,C,1020901,냉동,B2B,X,C,19-May,0.0
71844,0.0,2026376,냉동,B2B,X,C,1020910,냉동,B2B,X,C,19-May,1.0
71895,0.0,2026376,냉동,B2B,X,C,1021022,냉동,B2B,X,C,19-Jun,321.0
71938,0.0,2026376,냉동,B2B,X,C,1021300,냉동,B2B,X,C,20-Feb,
71950,0.0,2026376,냉동,B2B,X,C,1021347,냉동,B2B,X,C,19-Aug,0.0
71975,0.0,2026376,냉동,B2B,X,C,1021451,냉동,B2B,X,C,19-Oct,800.0
71983,0.0,2026376,냉동,B2B,X,C,1021518,냉동,B2B,X,C,19-Nov,86.0
71990,0.0,2026376,냉동,B2B,X,C,1021560,냉동,B2B,X,C,19-Nov,426.0
71993,0.0,2026376,냉동,B2B,X,C,1021610,냉동,B2B,X,C,20-Apr,
72021,0.0,2026376,냉동,B2B,X,C,1021743,냉동,B2B,X,C,20-Feb,
72032,0.0,2026376,냉동,B2B,X,C,1021112,냉동,B2B,X,C,19-Jul,2.0
72644,0.0,2026376,냉동,B2B,X,C,1021536,냉동,B2B,X,C,19-Nov,30.0
72651,0.0,2026376,냉동,B2B,X,C,1021909,냉동,B2B,X,C,20-Apr,
72652,0.0,2026376,냉동,B2B,X,C,1021998,냉동,B2B,X,C,20-May,
72963,0.0,2026376,냉동,B2B,X,C,1020730,냉동,B2B,X,C,19-Feb,18.0
72997,0.0,2026376,냉동,B2B,X,C,1021319,냉동,B2B,X,C,19-Sep,60.0
78080,0.0,2026376,냉동,B2B,X,C,2000854,냉동,B2B,X,C,15-Jan,735.0
78145,0.0,2026376,냉동,B2B,X,C,2001849,냉동,B2B,X,C,15-Jan,4716.0
78210,0.0,2026376,냉동,B2B,X,C,2002104,냉동,B2B,X,C,15-Jan,85.0
78347,0.0,2026376,냉동,B2B,X,C,1103616,냉동,B2B,X,C,17-Jun,0.0
78419,0.0,2026376,냉동,B2B,X,C,1103627,냉동,B2B,X,C,17-Jun,11.0
78529,0.0,2026376,냉동,B2B,X,C,2005742,냉동,B2B,X,C,16-Jan,78.0
78618,0.0,2026376,냉동,B2B,X,C,1103626,냉동,B2B,X,C,17-May,95.0
78655,0.0,2026376,냉동,B2B,X,C,1103631,냉동,B2B,X,C,17-May,51.0
78729,0.0,2026376,냉동,B2B,X,C,1103638,냉동,B2B,X,C,17-May,102.0
78877,0.0,2026376,냉동,B2B,X,C,1103648,냉동,B2B,X,C,17-May,16.0
79153,0.0,2026376,냉동,B2B,X,C,2002239,냉동,B2B,X,C,15-Jan,50.0
79218,0.0,2026376,냉동,B2B,X,C,2001785,냉동,B2B,X,C,15-Jan,236.0
79348,0.0,2026376,냉동,B2B,X,C,2002229,냉동,B2B,X,C,15-Jan,1180.0
79478,0.0,2026376,냉동,B2B,X,C,2002287,냉동,B2B,X,C,15-Jan,112.0
79536,0.0,2026376,냉동,B2B,X,C,2006368,냉동,B2B,X,C,15-Jan,326.0
79666,0.0,2026376,냉동,B2B,X,C,2000615,냉동,B2B,X,C,15-Jan,113.0
79731,0.0,2026376,냉동,B2B,X,C,2000987,냉동,B2B,X,C,15-Jan,261.0
79796,0.0,2026376,냉동,B2B,X,C,2001600,냉동,B2B,X,C,15-Jan,340.0
82386,0.0,2026376,냉동,B2B,X,C,2006374,냉동,B2B,X,C,15-Jan,284.0
86314,0.0,2026376,냉동,B2B,X,C,2007376,냉동,B2B,X,C,15-Jan,332.0
86628,0.0,2026376,냉동,B2B,X,C,2007284,냉동,B2B,X,C,15-Jan,42.0
86693,0.0,2026376,냉동,B2B,X,C,2008998,냉동,B2B,X,C,15-Jan,142.0
86758,0.0,2026376,냉동,B2B,X,C,2008999,냉동,B2B,X,C,15-Jan,98.0
86888,0.0,2026376,냉동,B2B,X,C,2008206,냉동,B2B,X,C,15-Jan,95.0
86953,0.0,2026376,냉동,B2B,X,C,2008634,냉동,B2B,X,C,15-Jan,33.0
87018,0.0,2026376,냉동,B2B,X,C,2008903,냉동,B2B,X,C,15-Jan,1790.0
87083,0.0,2026376,냉동,B2B,X,C,2008904,냉동,B2B,X,C,15-Jan,1174.0
87148,0.0,2026376,냉동,B2B,X,C,2008906,냉동,B2B,X,C,15-Jan,85.0
90892,0.0,2026376,냉동,B2B,X,C,2009001,냉동,B2B,X,C,15-Jan,403.0
90957,0.0,2026376,냉동,B2B,X,C,2009002,냉동,B2B,X,C,15-Jan,201.0
95635,0.0,2026376,냉동,B2B,X,C,2010770,냉동,B2B,X,C,15-Jan,176.0
95830,0.0,2026376,냉동,B2B,X,C,2010766,냉동,B2B,X,C,15-Jan,50.0
95895,0.0,2026376,냉동,B2B,X,C,2010054,냉동,B2B,X,C,15-Jan,5.0
95960,0.0,2026376,냉동,B2B,X,C,2010991,냉동,B2B,X,C,15-Jan,25.0
96285,0.0,2026376,냉동,B2B,X,C,2010572,냉동,B2B,X,C,15-Jan,25.0
98523,0.0,2026376,냉동,B2B,X,C,2009897,냉동,B2B,X,C,15-Jan,96.0
98588,0.0,2026376,냉동,B2B,X,C,2009898,냉동,B2B,X,C,15-Jan,523.0
98653,0.0,2026376,냉동,B2B,X,C,2009843,냉동,B2B,X,C,15-Jan,434.0
98718,0.0,2026376,냉동,B2B,X,C,2009844,냉동,B2B,X,C,15-Jan,144.0
98783,0.0,2026376,냉동,B2B,X,C,2009845,냉동,B2B,X,C,15-Jan,80.0
98848,0.0,2026376,냉동,B2B,X,C,2009846,냉동,B2B,X,C,15-Jan,25.0
98913,0.0,2026376,냉동,B2B,X,C,2010576,냉동,B2B,X,C,15-Jan,639.0
102073,0.0,2026376,냉동,B2B,X,C,2011746,냉동,B2B,X,C,15-Jan,54.0
105780,0.0,2026376,냉동,B2B,X,C,2012157,냉동,B2B,X,C,15-Jan,213.0
105975,0.0,2026376,냉동,B2B,X,C,2012267,냉동,B2B,X,C,15-Jan,11.0
112058,0.0,2026376,냉동,B2B,X,C,2012695,냉동,B2B,X,C,15-Jan,0.0
112448,0.0,2026376,냉동,B2B,X,C,2012609,냉동,B2B,X,C,15-Jan,115.0
117618,0.0,2026376,냉동,B2B,X,C,2013875,냉동,B2B,X,C,15-Mar,520.0
117681,0.0,2026376,냉동,B2B,X,C,2014091,냉동,B2B,X,C,15-Apr,264.0
117779,0.0,2026376,냉동,B2B,X,C,2013774,냉동,B2B,X,C,15-Feb,0.0
117905,0.0,2026376,냉동,B2B,X,C,2014108,냉동,B2B,X,C,15-Jun,193.0
117965,0.0,2026376,냉동,B2B,X,C,2014113,냉동,B2B,X,C,15-Jun,140.0
118025,0.0,2026376,냉동,B2B,X,C,2014125,냉동,B2B,X,C,15-May,35.0
118086,0.0,2026376,냉동,B2B,X,C,2014128,냉동,B2B,X,C,15-Jun,178.0
118146,0.0,2026376,냉동,B2B,X,C,2014129,냉동,B2B,X,C,15-Apr,323.0
118269,0.0,2026376,냉동,B2B,X,C,2013833,냉동,B2B,X,C,15-Feb,4.0
118333,0.0,2026376,냉동,B2B,X,C,2014075,냉동,B2B,X,C,15-Sep,14.0
118390,0.0,2026376,냉동,B2B,X,C,2014076,냉동,B2B,X,C,15-Apr,0.0
118448,0.0,2026376,냉동,B2B,X,C,2014109,냉동,B2B,X,C,15-Apr,0.0
118510,0.0,2026376,냉동,B2B,X,C,2014110,냉동,B2B,X,C,15-Apr,25.0
118692,0.0,2026376,냉동,B2B,X,C,2014134,냉동,B2B,X,C,15-Jul,99.0
121624,0.0,2026376,냉동,B2B,X,C,2013597,냉동,B2B,X,C,15-Jan,2.0
122385,0.0,2026376,냉동,B2B,X,C,2013856,냉동,B2B,X,C,15-Jan,0.0
122434,0.0,2026376,냉동,B2B,X,C,2013744,냉동,B2B,X,C,15-Jan,0.0
124664,0.0,2026376,냉동,B2B,X,C,2014936,냉동,B2B,X,C,16-Jan,1.0
124717,0.0,2026376,냉동,B2B,X,C,2014520,냉동,B2B,X,C,15-Aug,80.0
124775,0.0,2026376,냉동,B2B,X,C,2014521,냉동,B2B,X,C,15-Aug,94.0
124833,0.0,2026376,냉동,B2B,X,C,2014545,냉동,B2B,X,C,15-Aug,0.0
124891,0.0,2026376,냉동,B2B,X,C,2014522,냉동,B2B,X,C,15-Aug,50.0
124949,0.0,2026376,냉동,B2B,X,C,2014589,냉동,B2B,X,C,16-Mar,34.0
125000,0.0,2026376,냉동,B2B,X,C,2014590,냉동,B2B,X,C,16-Mar,11.0
125425,0.0,2026376,냉동,B2B,X,C,2014988,냉동,B2B,X,C,16-Mar,186.0
126020,0.0,2026376,냉동,B2B,X,C,2015053,냉동,B2B,X,C,16-Mar,18.0
126071,0.0,2026376,냉동,B2B,X,C,2015055,냉동,B2B,X,C,16-Mar,23.0
126121,0.0,2026376,냉동,B2B,X,C,2015058,냉동,B2B,X,C,16-Mar,6.0
126435,0.0,2026376,냉동,B2B,X,C,2014440,냉동,B2B,X,C,15-Jun,116.0
126495,0.0,2026376,냉동,B2B,X,C,2015026,냉동,B2B,X,C,16-Mar,55.0
129276,0.0,2026376,냉동,B2B,X,C,2014466,냉동,B2B,X,C,15-Jun,9.0
129336,0.0,2026376,냉동,B2B,X,C,2014468,냉동,B2B,X,C,15-Jun,0.0
129454,0.0,2026376,냉동,B2B,X,C,2014875,냉동,B2B,X,C,16-Jan,0.0
129507,0.0,2026376,냉동,B2B,X,C,2014876,냉동,B2B,X,C,16-Jan,0.0
129560,0.0,2026376,냉동,B2B,X,C,2014882,냉동,B2B,X,C,16-Jan,0.0
129613,0.0,2026376,냉동,B2B,X,C,2014883,냉동,B2B,X,C,16-Jan,0.0
129718,0.0,2026376,냉동,B2B,X,C,2014892,냉동,B2B,X,C,16-Feb,4.0
129770,0.0,2026376,냉동,B2B,X,C,2014986,냉동,B2B,X,C,16-Feb,24.0
129822,0.0,2026376,냉동,B2B,X,C,2014491,냉동,B2B,X,C,15-Jul,0.0
130849,0.0,2026376,냉동,B2B,X,C,2015025,냉동,B2B,X,C,16-Feb,32.0
132762,0.0,2026376,냉동,B2B,X,C,2015235,냉동,B2B,X,C,16-May,39.0
132811,0.0,2026376,냉동,B2B,X,C,2015237,냉동,B2B,X,C,16-May,13.0
132860,0.0,2026376,냉동,B2B,X,C,2016035,냉동,B2B,X,C,17-Mar,12.0
132893,0.0,2026376,냉동,B2B,X,C,2015182,냉동,B2B,X,C,16-Apr,0.0
132943,0.0,2026376,냉동,B2B,X,C,2015183,냉동,B2B,X,C,16-Apr,0.0
132993,0.0,2026376,냉동,B2B,X,C,2015682,냉동,B2B,X,C,16-Oct,8.0
133037,0.0,2026376,냉동,B2B,X,C,2015683,냉동,B2B,X,C,16-Oct,63.0
133081,0.0,2026376,냉동,B2B,X,C,2015734,냉동,B2B,X,C,16-Nov,8.0
133124,0.0,2026376,냉동,B2B,X,C,2015900,냉동,B2B,X,C,17-Feb,0.0
133199,0.0,2026376,냉동,B2B,X,C,2015478,냉동,B2B,X,C,16-Aug,0.0
133241,0.0,2026376,냉동,B2B,X,C,2015955,냉동,B2B,X,C,17-Feb,0.0
133281,0.0,2026376,냉동,B2B,X,C,2015177,냉동,B2B,X,C,16-Sep,116.0
133484,0.0,2026376,냉동,B2B,X,C,2015941,냉동,B2B,X,C,17-Feb,0.0
133524,0.0,2026376,냉동,B2B,X,C,2015954,냉동,B2B,X,C,17-Feb,0.0
133564,0.0,2026376,냉동,B2B,X,C,2015739,냉동,B2B,X,C,16-Nov,19.0
133607,0.0,2026376,냉동,B2B,X,C,2015405,냉동,B2B,X,C,16-Sep,55.0
135114,0.0,2026376,냉동,B2B,X,C,2015558,냉동,B2B,X,C,16-Sep,0.0
135153,0.0,2026376,냉동,B2B,X,C,2015697,냉동,B2B,X,C,16-Oct,60.0
135232,0.0,2026376,냉동,B2B,X,C,2016407,냉동,B2B,X,C,17-May,11.0
136745,0.0,2026376,냉동,B2B,X,C,2015323,냉동,B2B,X,C,16-Jun,9.0
136793,0.0,2026376,냉동,B2B,X,C,2015324,냉동,B2B,X,C,16-Jun,0.0
136841,0.0,2026376,냉동,B2B,X,C,2015473,냉동,B2B,X,C,16-Aug,9.0
136887,0.0,2026376,냉동,B2B,X,C,2015474,냉동,B2B,X,C,16-Aug,2.0
136933,0.0,2026376,냉동,B2B,X,C,2015610,냉동,B2B,X,C,16-Oct,12.0
136977,0.0,2026376,냉동,B2B,X,C,2015950,냉동,B2B,X,C,17-Feb,0.0
137014,0.0,2026376,냉동,B2B,X,C,2015756,냉동,B2B,X,C,17-Feb,6.0
137054,0.0,2026376,냉동,B2B,X,C,2015468,냉동,B2B,X,C,16-Aug,9.0
137141,0.0,2026376,냉동,B2B,X,C,2015822,냉동,B2B,X,C,17-Feb,90.0
137272,0.0,2026376,냉동,B2B,X,C,2015647,냉동,B2B,X,C,16-Nov,242.0
137315,0.0,2026376,냉동,B2B,X,C,2015926,냉동,B2B,X,C,17-Feb,0.0
138415,0.0,2026376,냉동,B2B,X,C,2015401,냉동,B2B,X,C,16-Aug,65.0
138461,0.0,2026376,냉동,B2B,X,C,2015402,냉동,B2B,X,C,16-Aug,125.0
140291,0.0,2026376,냉동,B2B,X,C,2018548,냉동,B2B,X,C,17-Jul,0.0
140326,0.0,2026376,냉동,B2B,X,C,2018551,냉동,B2B,X,C,17-Jul,0.0
140361,0.0,2026376,냉동,B2B,X,C,2018552,냉동,B2B,X,C,17-Jul,0.0
140396,0.0,2026376,냉동,B2B,X,C,2018553,냉동,B2B,X,C,17-Jul,0.0
140431,0.0,2026376,냉동,B2B,X,C,2020813,냉동,B2B,X,C,18-Jan,61.0
140460,0.0,2026376,냉동,B2B,X,C,2020814,냉동,B2B,X,C,18-Jan,49.0
140489,0.0,2026376,냉동,B2B,X,C,2021240,냉동,B2B,X,C,18-Feb,296.0
140517,0.0,2026376,냉동,B2B,X,C,2021241,냉동,B2B,X,C,18-Feb,234.0
140545,0.0,2026376,냉동,B2B,X,C,2021242,냉동,B2B,X,C,18-Mar,318.0
140588,0.0,2026376,냉동,B2B,X,C,2021243,냉동,B2B,X,C,18-Feb,98.0
140664,0.0,2026376,냉동,B2B,X,C,2021145,냉동,B2B,X,C,18-Feb,21.0
140688,0.0,2026376,냉동,B2B,X,C,2020051,냉동,B2B,X,C,18-Feb,1.0
140868,0.0,2026376,냉동,B2B,X,C,2018556,냉동,B2B,X,C,17-Jul,0.0
140903,0.0,2026376,냉동,B2B,X,C,2019771,냉동,B2B,X,C,18-Mar,80.0
140930,0.0,2026376,냉동,B2B,X,C,2019772,냉동,B2B,X,C,17-Sep,0.0
140958,0.0,2026376,냉동,B2B,X,C,2019775,냉동,B2B,X,C,18-Mar,120.0
140985,0.0,2026376,냉동,B2B,X,C,2019776,냉동,B2B,X,C,18-Mar,58.0
141012,0.0,2026376,냉동,B2B,X,C,2021149,냉동,B2B,X,C,18-Jun,88.0
141072,0.0,2026376,냉동,B2B,X,C,2017534,냉동,B2B,X,C,17-Jun,0.0
141108,0.0,2026376,냉동,B2B,X,C,2017535,냉동,B2B,X,C,17-Jun,0.0
141144,0.0,2026376,냉동,B2B,X,C,2017536,냉동,B2B,X,C,17-Jun,0.0
141180,0.0,2026376,냉동,B2B,X,C,2017538,냉동,B2B,X,C,17-Jun,0.0
141216,0.0,2026376,냉동,B2B,X,C,2017539,냉동,B2B,X,C,17-Jun,0.0
141252,0.0,2026376,냉동,B2B,X,C,2020393,냉동,B2B,X,C,17-Dec,4.0
141282,0.0,2026376,냉동,B2B,X,C,2020394,냉동,B2B,X,C,17-Dec,5.0
141312,0.0,2026376,냉동,B2B,X,C,2020395,냉동,B2B,X,C,17-Dec,5.0
141593,0.0,2026376,냉동,B2B,X,C,2020821,냉동,B2B,X,C,19-Apr,40.0
141607,0.0,2026376,냉동,B2B,X,C,2021721,냉동,B2B,X,C,18-Apr,637.0
143357,0.0,2026376,냉동,B2B,X,C,2020913,냉동,B2B,X,C,18-Feb,2.0
144109,0.0,2026376,냉동,B2B,X,C,2018472,냉동,B2B,X,C,17-Jul,0.0
144238,0.0,2026376,냉동,B2B,X,C,2018563,냉동,B2B,X,C,17-Jul,0.0
144336,0.0,2026376,냉동,B2B,X,C,2019766,냉동,B2B,X,C,17-Sep,242.0
144452,0.0,2026376,냉동,B2B,X,C,2020909,냉동,B2B,X,C,18-Feb,8.0
144480,0.0,2026376,냉동,B2B,X,C,2020911,냉동,B2B,X,C,18-Feb,0.0
144529,0.0,2026376,냉동,B2B,X,C,2018887,냉동,B2B,X,C,17-Sep,333.0
144562,0.0,2026376,냉동,B2B,X,C,2020013,냉동,B2B,X,C,17-Oct,0.0
144594,0.0,2026376,냉동,B2B,X,C,2020818,냉동,B2B,X,C,18-Feb,132.0
144694,0.0,2026376,냉동,B2B,X,C,2017467,냉동,B2B,X,C,17-Jun,80.0
144800,0.0,2026376,냉동,B2B,X,C,2018481,냉동,B2B,X,C,17-Jul,1.0
144828,0.0,2026376,냉동,B2B,X,C,2018482,냉동,B2B,X,C,17-Jul,3.0
144857,0.0,2026376,냉동,B2B,X,C,2018483,냉동,B2B,X,C,17-Jul,110.0
145091,0.0,2026376,냉동,B2B,X,C,2020837,냉동,B2B,X,C,18-Feb,37.0
145117,0.0,2026376,냉동,B2B,X,C,2020841,냉동,B2B,X,C,18-Mar,123.0
145143,0.0,2026376,냉동,B2B,X,C,2020842,냉동,B2B,X,C,18-Mar,4.0
145167,0.0,2026376,냉동,B2B,X,C,2020843,냉동,B2B,X,C,18-Mar,16.0
145219,0.0,2026376,냉동,B2B,X,C,2021291,냉동,B2B,X,C,18-Mar,44.0
146703,0.0,2026376,냉동,B2B,X,C,2023478,냉동,B2B,X,C,18-Aug,1027.0
147486,0.0,2026376,냉동,B2B,X,C,2022737,냉동,B2B,X,C,18-Aug,9.0
147508,0.0,2026376,냉동,B2B,X,C,2022741,냉동,B2B,X,C,18-Aug,9.0
147675,0.0,2026376,냉동,B2B,X,C,2022739,냉동,B2B,X,C,18-Sep,15.0
147696,0.0,2026376,냉동,B2B,X,C,2022796,냉동,B2B,X,C,18-Sep,105.0
147717,0.0,2026376,냉동,B2B,X,C,2023787,냉동,B2B,X,C,19-Feb,8.0
147733,0.0,2026376,냉동,B2B,X,C,2022735,냉동,B2B,X,C,18-Aug,22.0
147755,0.0,2026376,냉동,B2B,X,C,2022754,냉동,B2B,X,C,18-Aug,9.0
147777,0.0,2026376,냉동,B2B,X,C,2022757,냉동,B2B,X,C,18-Aug,13.0
147799,0.0,2026376,냉동,B2B,X,C,2022803,냉동,B2B,X,C,18-Aug,13.0
147821,0.0,2026376,냉동,B2B,X,C,2022804,냉동,B2B,X,C,18-Aug,39.0
147843,0.0,2026376,냉동,B2B,X,C,2025575,냉동,B2B,X,C,19-Aug,10.0
147853,0.0,2026376,냉동,B2B,X,C,2022797,냉동,B2B,X,C,19-Feb,800.0
147929,0.0,2026376,냉동,B2B,X,C,2025576,냉동,B2B,X,C,19-Aug,35.0
147939,0.0,2026376,냉동,B2B,X,C,2025577,냉동,B2B,X,C,19-Aug,0.0
147949,0.0,2026376,냉동,B2B,X,C,2025578,냉동,B2B,X,C,19-Aug,11.0
147959,0.0,2026376,냉동,B2B,X,C,2025579,냉동,B2B,X,C,19-Aug,15.0
147968,0.0,2026376,냉동,B2B,X,C,2023775,냉동,B2B,X,C,19-Feb,1.0
147983,0.0,2026376,냉동,B2B,X,C,2023776,냉동,B2B,X,C,19-Feb,0.0
147999,0.0,2026376,냉동,B2B,X,C,2023777,냉동,B2B,X,C,19-Feb,10.0
148028,0.0,2026376,냉동,B2B,X,C,2022786,냉동,B2B,X,C,18-Aug,19.0
148090,0.0,2026376,냉동,B2B,X,C,2023773,냉동,B2B,X,C,19-Feb,5.0
148106,0.0,2026376,냉동,B2B,X,C,2023778,냉동,B2B,X,C,19-Feb,5.0
148165,0.0,2026376,냉동,B2B,X,C,2025580,냉동,B2B,X,C,19-Aug,5.0
148175,0.0,2026376,냉동,B2B,X,C,2025581,냉동,B2B,X,C,19-Aug,28.0
148185,0.0,2026376,냉동,B2B,X,C,2025582,냉동,B2B,X,C,19-Aug,31.0
148195,0.0,2026376,냉동,B2B,X,C,2022736,냉동,B2B,X,C,18-Aug,5.0
148495,0.0,2026376,냉동,B2B,X,C,2023006,냉동,B2B,X,C,18-Jul,10.0
149058,0.0,2026376,냉동,B2B,X,C,2022321,냉동,B2B,X,C,18-May,15.0
150295,0.0,2026376,냉동,B2B,X,C,2024693,냉동,B2B,X,C,19-Apr,19.0
150308,0.0,2026376,냉동,B2B,X,C,2024827,냉동,B2B,X,C,19-Apr,22.0
150322,0.0,2026376,냉동,B2B,X,C,2024828,냉동,B2B,X,C,19-Jun,18.0
150452,0.0,2026376,냉동,B2B,X,C,2024431,냉동,B2B,X,C,19-May,7.0
150465,0.0,2026376,냉동,B2B,X,C,2024432,냉동,B2B,X,C,19-May,0.0
151891,0.0,2026376,냉동,B2B,X,C,2022269,냉동,B2B,X,C,18-Apr,95.0
151917,0.0,2026376,냉동,B2B,X,C,2022270,냉동,B2B,X,C,18-Jun,161.0
151936,0.0,2026376,냉동,B2B,X,C,2023685,냉동,B2B,X,C,19-May,191.0
151949,0.0,2026376,냉동,B2B,X,C,2022752,냉동,B2B,X,C,18-Aug,16.0
151992,0.0,2026376,냉동,B2B,X,C,2023604,냉동,B2B,X,C,18-Nov,1.0
152011,0.0,2026376,냉동,B2B,X,C,2023721,냉동,B2B,X,C,19-Feb,12.0
152027,0.0,2026376,냉동,B2B,X,C,2025587,냉동,B2B,X,C,19-Aug,15.0
152033,0.0,2026376,냉동,B2B,X,C,2025589,냉동,B2B,X,C,19-Aug,6.0
152043,0.0,2026376,냉동,B2B,X,C,2025590,냉동,B2B,X,C,19-Aug,4.0
152053,0.0,2026376,냉동,B2B,X,C,2025591,냉동,B2B,X,C,19-Aug,4.0
152063,0.0,2026376,냉동,B2B,X,C,2025592,냉동,B2B,X,C,19-Aug,1.0
152073,0.0,2026376,냉동,B2B,X,C,2025598,냉동,B2B,X,C,19-Sep,0.0
152109,0.0,2026376,냉동,B2B,X,C,2022749,냉동,B2B,X,C,18-Aug,1.0
152131,0.0,2026376,냉동,B2B,X,C,2022941,냉동,B2B,X,C,18-Sep,3.0
152171,0.0,2026376,냉동,B2B,X,C,2023729,냉동,B2B,X,C,19-Feb,1.0
152187,0.0,2026376,냉동,B2B,X,C,2023730,냉동,B2B,X,C,19-Feb,23.0
152203,0.0,2026376,냉동,B2B,X,C,2023732,냉동,B2B,X,C,19-Feb,13.0
152218,0.0,2026376,냉동,B2B,X,C,2023754,냉동,B2B,X,C,19-Mar,984.0
152233,0.0,2026376,냉동,B2B,X,C,2025445,냉동,B2B,X,C,19-Aug,3.0
152263,0.0,2026376,냉동,B2B,X,C,2025603,냉동,B2B,X,C,19-Aug,387.0
152283,0.0,2026376,냉동,B2B,X,C,2025606,냉동,B2B,X,C,19-Aug,481.0
152293,0.0,2026376,냉동,B2B,X,C,2025607,냉동,B2B,X,C,19-Aug,738.0
152303,0.0,2026376,냉동,B2B,X,C,2025612,냉동,B2B,X,C,19-Aug,270.0
152361,0.0,2026376,냉동,B2B,X,C,2022282,냉동,B2B,X,C,18-May,118.0
152548,0.0,2026376,냉동,B2B,X,C,2025272,냉동,B2B,X,C,19-Jul,122.0
153930,0.0,2026376,냉동,B2B,X,C,2025518,냉동,B2B,X,C,19-Jul,10.0
154277,0.0,2026376,냉동,B2B,X,C,2026659,냉동,B2B,X,C,20-Mar,
154280,0.0,2026376,냉동,B2B,X,C,2025716,냉동,B2B,X,C,19-Sep,0.0
154289,0.0,2026376,냉동,B2B,X,C,2025717,냉동,B2B,X,C,19-Sep,0.0
154298,0.0,2026376,냉동,B2B,X,C,2025718,냉동,B2B,X,C,19-Sep,0.0
154306,0.0,2026376,냉동,B2B,X,C,2025719,냉동,B2B,X,C,19-Sep,0.0
154315,0.0,2026376,냉동,B2B,X,C,2103205,냉동,B2B,X,C,20-Feb,
154324,0.0,2026376,냉동,B2B,X,C,2026647,냉동,B2B,X,C,20-Feb,
154359,0.0,2026376,냉동,B2B,X,C,2025736,냉동,B2B,X,C,19-Sep,0.0
154368,0.0,2026376,냉동,B2B,X,C,2025757,냉동,B2B,X,C,19-Oct,197.0
154376,0.0,2026376,냉동,B2B,X,C,2025758,냉동,B2B,X,C,19-Nov,231.0
154383,0.0,2026376,냉동,B2B,X,C,2026650,냉동,B2B,X,C,20-Feb,
154387,0.0,2026376,냉동,B2B,X,C,2026651,냉동,B2B,X,C,20-Feb,
154391,0.0,2026376,냉동,B2B,X,C,2026652,냉동,B2B,X,C,20-Mar,
154394,0.0,2026376,냉동,B2B,X,C,2027120,냉동,B2B,X,C,20-Mar,
154397,0.0,2026376,냉동,B2B,X,C,2026648,냉동,B2B,X,C,20-Mar,
154400,0.0,2026376,냉동,B2B,X,C,2026649,냉동,B2B,X,C,20-Mar,
154403,0.0,2026376,냉동,B2B,X,C,2026833,냉동,B2B,X,C,20-Mar,
154406,0.0,2026376,냉동,B2B,X,C,2026653,냉동,B2B,X,C,20-Feb,
154410,0.0,2026376,냉동,B2B,X,C,2026657,냉동,B2B,X,C,20-Mar,
154425,0.0,2026376,냉동,B2B,X,C,2026654,냉동,B2B,X,C,20-Feb,
154429,0.0,2026376,냉동,B2B,X,C,2026656,냉동,B2B,X,C,20-Mar,
154438,0.0,2026376,냉동,B2B,X,C,2026041,냉동,B2B,X,C,19-Dec,192.0
154444,0.0,2026376,냉동,B2B,X,C,2026060,냉동,B2B,X,C,20-Mar,
154447,0.0,2026376,냉동,B2B,X,C,2026655,냉동,B2B,X,C,20-Feb,
154451,0.0,2026376,냉동,B2B,X,C,2026658,냉동,B2B,X,C,20-Mar,
154454,0.0,2026376,냉동,B2B,X,C,2026692,냉동,B2B,X,C,20-Mar,
154457,0.0,2026376,냉동,B2B,X,C,2026693,냉동,B2B,X,C,20-Mar,
154460,0.0,2026376,냉동,B2B,X,C,2026694,냉동,B2B,X,C,20-Mar,
154463,0.0,2026376,냉동,B2B,X,C,2026695,냉동,B2B,X,C,20-Mar,
154466,0.0,2026376,냉동,B2B,X,C,2026696,냉동,B2B,X,C,20-Mar,
154469,0.0,2026376,냉동,B2B,X,C,2026861,냉동,B2B,X,C,20-Mar,
154472,0.0,2026376,냉동,B2B,X,C,2103246,냉동,B2B,X,C,19-Apr,5.0
154483,0.0,2026376,냉동,B2B,X,C,2103310,냉동,B2B,X,C,19-May,23.0
154494,0.0,2026376,냉동,B2B,X,C,2103342,냉동,B2B,X,C,19-Apr,5.0
154505,0.0,2026376,냉동,B2B,X,C,2103103,냉동,B2B,X,C,19-Jul,8.0
154509,0.0,2026376,냉동,B2B,X,C,2103106,냉동,B2B,X,C,19-May,12.0
154521,0.0,2026376,냉동,B2B,X,C,2026832,냉동,B2B,X,C,20-Mar,
154585,0.0,2026376,냉동,B2B,X,C,2025886,냉동,B2B,X,C,19-Nov,379.0
154619,0.0,2026376,냉동,B2B,X,C,2026690,냉동,B2B,X,C,20-Mar,
154622,0.0,2026376,냉동,B2B,X,C,2026691,냉동,B2B,X,C,20-Mar,
154663,0.0,2026376,냉동,B2B,X,C,2025711,냉동,B2B,X,C,19-Aug,78.0
154678,0.0,2026376,냉동,B2B,X,C,2027381,냉동,B2B,X,C,20-May,
154689,0.0,2026376,냉동,B2B,X,C,2025696,냉동,B2B,X,C,19-Aug,233.0
154732,0.0,2026376,냉동,B2B,X,C,2025951,냉동,B2B,X,C,19-Dec,0.0
154758,0.0,2026376,냉동,B2B,X,C,2027315,냉동,B2B,X,C,20-Apr,
154763,0.0,2026376,냉동,B2B,X,C,2027317,냉동,B2B,X,C,20-Apr,
154872,0.0,2026376,냉동,B2B,X,C,2103146,냉동,B2B,X,C,19-May,15.0
154964,0.0,2026376,냉동,B2B,X,C,2026699,냉동,B2B,X,C,20-Feb,
154965,0.0,2026376,냉동,B2B,X,C,2103339,냉동,B2B,X,C,19-May,25.0
154978,0.0,2026376,냉동,B2B,X,C,2103345,냉동,B2B,X,C,19-Jun,50.0
154984,0.0,2026376,냉동,B2B,X,C,2103187,냉동,B2B,X,C,20-Jan,
154985,0.0,2026376,냉동,B2B,X,C,2103284,냉동,B2B,X,C,19-Jul,2.0
154996,0.0,2026376,냉동,B2B,X,C,2025721,냉동,B2B,X,C,19-Sep,16.0
155005,0.0,2026376,냉동,B2B,X,C,2025722,냉동,B2B,X,C,19-Sep,23.0
155014,0.0,2026376,냉동,B2B,X,C,2025723,냉동,B2B,X,C,19-Sep,29.0
155023,0.0,2026376,냉동,B2B,X,C,2103207,냉동,B2B,X,C,19-Nov,30.0
155025,0.0,2026376,냉동,B2B,X,C,2103208,냉동,B2B,X,C,19-Apr,1.0
155115,0.0,2026376,냉동,B2B,X,C,2025748,냉동,B2B,X,C,19-Oct,7.0
155123,0.0,2026376,냉동,B2B,X,C,2026703,냉동,B2B,X,C,20-Apr,
155124,0.0,2026376,냉동,B2B,X,C,2027237,냉동,B2B,X,C,20-May,
155125,0.0,2026376,냉동,B2B,X,C,2027238,냉동,B2B,X,C,20-May,
155221,0.0,2026376,냉동,B2B,X,C,2025927,냉동,B2B,X,C,19-Nov,2.0
155226,0.0,2026376,냉동,B2B,X,C,2025928,냉동,B2B,X,C,19-Nov,0.0
155233,0.0,2026376,냉동,B2B,X,C,2025929,냉동,B2B,X,C,19-Nov,28.0
155254,0.0,2026376,냉동,B2B,X,C,2026680,냉동,B2B,X,C,20-Feb,
155258,0.0,2026376,냉동,B2B,X,C,2026681,냉동,B2B,X,C,20-Feb,
155262,0.0,2026376,냉동,B2B,X,C,2027125,냉동,B2B,X,C,20-Apr,
155274,0.0,2026376,냉동,B2B,X,C,2025613,냉동,B2B,X,C,19-Aug,350.0
155284,0.0,2026376,냉동,B2B,X,C,2025614,냉동,B2B,X,C,19-Aug,907.0
155294,0.0,2026376,냉동,B2B,X,C,2025615,냉동,B2B,X,C,19-Aug,267.0
155304,0.0,2026376,냉동,B2B,X,C,2025616,냉동,B2B,X,C,19-Aug,289.0
155314,0.0,2026376,냉동,B2B,X,C,2025617,냉동,B2B,X,C,19-Aug,163.0
155324,0.0,2026376,냉동,B2B,X,C,2025618,냉동,B2B,X,C,19-Aug,145.0
155334,0.0,2026376,냉동,B2B,X,C,2026064,냉동,B2B,X,C,20-Mar,
155337,0.0,2026376,냉동,B2B,X,C,2026065,냉동,B2B,X,C,20-Mar,
155340,0.0,2026376,냉동,B2B,X,C,2026066,냉동,B2B,X,C,20-Mar,
155343,0.0,2026376,냉동,B2B,X,C,2026069,냉동,B2B,X,C,20-Mar,
155364,0.0,2026376,냉동,B2B,X,C,2026637,냉동,B2B,X,C,20-Feb,
155374,0.0,2026376,냉동,B2B,X,C,2026670,냉동,B2B,X,C,20-Feb,
155377,0.0,2026376,냉동,B2B,X,C,2026862,냉동,B2B,X,C,20-Apr,
155379,0.0,2026376,냉동,B2B,X,C,2026863,냉동,B2B,X,C,20-May,
155457,0.0,2026376,냉동,B2B,X,C,2103233,냉동,B2B,X,C,19-May,4.0
155470,0.0,2026376,냉동,B2B,X,C,2103262,냉동,B2B,X,C,19-Apr,4.0
156225,0.0,2026376,냉동,B2B,X,C,2026216,냉동,B2B,X,C,20-Mar,
156226,0.0,2026376,냉동,B2B,X,C,2026434,냉동,B2B,X,C,20-Mar,
156227,0.0,2026376,냉동,B2B,X,C,2026217,냉동,B2B,X,C,20-Mar,
156229,0.0,2026376,냉동,B2B,X,C,2026218,냉동,B2B,X,C,20-Mar,
156232,0.0,2026376,냉동,B2B,X,C,2026219,냉동,B2B,X,C,20-Mar,
156234,0.0,2026376,냉동,B2B,X,C,2026220,냉동,B2B,X,C,20-Mar,
156237,0.0,2026376,냉동,B2B,X,C,2026221,냉동,B2B,X,C,20-Mar,
156240,0.0,2026376,냉동,B2B,X,C,2103452,냉동,B2B,X,C,20-Mar,
156241,0.0,2026376,냉동,B2B,X,C,2103464,냉동,B2B,X,C,20-Mar,
156242,0.0,2026376,냉동,B2B,X,C,2103465,냉동,B2B,X,C,20-Mar,
156243,0.0,2026376,냉동,B2B,X,C,2103466,냉동,B2B,X,C,20-Mar,
156244,0.0,2026376,냉동,B2B,X,C,2103467,냉동,B2B,X,C,20-Mar,
156259,0.0,2026376,냉동,B2B,X,C,2103300,냉동,B2B,X,C,19-Jul,0.0
156265,0.0,2026376,냉동,B2B,X,C,2026222,냉동,B2B,X,C,20-Mar,
156268,0.0,2026376,냉동,B2B,X,C,2103105,냉동,B2B,X,C,19-May,197.0
156281,0.0,2026376,냉동,B2B,X,C,2027334,냉동,B2B,X,C,20-Apr,
156283,0.0,2026376,냉동,B2B,X,C,2103360,냉동,B2B,X,C,19-Jun,80.0
156295,0.0,2026376,냉동,B2B,X,C,2103381,냉동,B2B,X,C,20-Mar,
156298,0.0,2026376,냉동,B2B,X,C,2026223,냉동,B2B,X,C,20-Mar,
156301,0.0,2026376,냉동,B2B,X,C,2026224,냉동,B2B,X,C,20-Mar,
156304,0.0,2026376,냉동,B2B,X,C,2026225,냉동,B2B,X,C,20-Feb,
156308,0.0,2026376,냉동,B2B,X,C,2026226,냉동,B2B,X,C,20-Feb,
156312,0.0,2026376,냉동,B2B,X,C,2026227,냉동,B2B,X,C,20-Mar,
156314,0.0,2026376,냉동,B2B,X,C,2026454,냉동,B2B,X,C,20-Feb,
156318,0.0,2026376,냉동,B2B,X,C,2026455,냉동,B2B,X,C,20-Feb,
156321,0.0,2026376,냉동,B2B,X,C,2026456,냉동,B2B,X,C,20-Apr,
156322,0.0,2026376,냉동,B2B,X,C,2026622,냉동,B2B,X,C,20-May,
156323,0.0,2026376,냉동,B2B,X,C,2026624,냉동,B2B,X,C,20-Apr,
156324,0.0,2026376,냉동,B2B,X,C,2026229,냉동,B2B,X,C,20-Apr,
156326,0.0,2026376,냉동,B2B,X,C,2026230,냉동,B2B,X,C,20-Mar,
156329,0.0,2026376,냉동,B2B,X,C,2026232,냉동,B2B,X,C,20-Apr,
156331,0.0,2026376,냉동,B2B,X,C,2026233,냉동,B2B,X,C,20-Mar,
156334,0.0,2026376,냉동,B2B,X,C,2026235,냉동,B2B,X,C,20-Mar,
156337,0.0,2026376,냉동,B2B,X,C,2026236,냉동,B2B,X,C,20-Mar,
156339,0.0,2026376,냉동,B2B,X,C,2026237,냉동,B2B,X,C,20-Feb,
156343,0.0,2026376,냉동,B2B,X,C,2026238,냉동,B2B,X,C,20-Mar,
156346,0.0,2026376,냉동,B2B,X,C,2026239,냉동,B2B,X,C,20-Mar,
156349,0.0,2026376,냉동,B2B,X,C,2026240,냉동,B2B,X,C,20-Mar,
156352,0.0,2026376,냉동,B2B,X,C,2026241,냉동,B2B,X,C,20-Mar,
156355,0.0,2026376,냉동,B2B,X,C,2026242,냉동,B2B,X,C,20-Mar,
156358,0.0,2026376,냉동,B2B,X,C,2026243,냉동,B2B,X,C,20-Mar,
156361,0.0,2026376,냉동,B2B,X,C,2103276,냉동,B2B,X,C,19-May,24.0
156374,0.0,2026376,냉동,B2B,X,C,2103307,냉동,B2B,X,C,19-Apr,10.0
156609,0.0,2026376,냉동,B2B,X,C,2026631,냉동,B2B,X,C,20-Mar,
156612,0.0,2026376,냉동,B2B,X,C,2027393,냉동,B2B,X,C,20-May,
156613,0.0,2026376,냉동,B2B,X,C,2103459,냉동,B2B,X,C,20-Mar,
156615,0.0,2026376,냉동,B2B,X,C,2026324,냉동,B2B,X,C,20-Mar,
156764,0.0,2026376,냉동,B2B,X,C,2026347,냉동,B2B,X,C,20-Apr,
156765,0.0,2026376,냉동,B2B,X,C,2026348,냉동,B2B,X,C,20-Apr,
156766,0.0,2026376,냉동,B2B,X,C,2026351,냉동,B2B,X,C,20-Feb,
156767,0.0,2026376,냉동,B2B,X,C,2026353,냉동,B2B,X,C,20-Apr,
156768,0.0,2026376,냉동,B2B,X,C,2026356,냉동,B2B,X,C,20-Mar,
156769,0.0,2026376,냉동,B2B,X,C,2026358,냉동,B2B,X,C,20-Apr,
156770,0.0,2026376,냉동,B2B,X,C,2026362,냉동,B2B,X,C,20-Apr,
156771,0.0,2026376,냉동,B2B,X,C,2026363,냉동,B2B,X,C,20-Mar,
156773,0.0,2026376,냉동,B2B,X,C,2026365,냉동,B2B,X,C,20-Mar,
156774,0.0,2026376,냉동,B2B,X,C,2026369,냉동,B2B,X,C,20-Mar,
156776,0.0,2026376,냉동,B2B,X,C,2026374,냉동,B2B,X,C,20-Mar,
156779,0.0,2026376,냉동,B2B,X,C,2026375,냉동,B2B,X,C,20-Feb,
156783,0.0,2026376,냉동,B2B,X,C,2026376,냉동,B2B,X,C,20-Mar,
156785,0.0,2026376,냉동,B2B,X,C,2026377,냉동,B2B,X,C,20-Mar,
